student_id,course_name,name,scaled
1261,2020年度数学[中1]A組,2020_中学_1年_数学_Benesse模試1回,0.51
1262,2020年度数学[中1]A組,2020_中学_1年_数学_Benesse模試1回,0.64
1263,2020年度数学[中1]A組,2020_中学_1年_数学_Benesse模試1回,0.59
1264,2020年度数学[中1]A組,2020_中学_1年_数学_Benesse模試1回,0.62
1265,2020年度数学[中1]A組,2020_中学_1年_数学_Benesse模試1回,0.59
1266,2020年度数学[中1]A組,2020_中学_1年_数学_Benesse模試1回,0.62
1267,2020年度数学[中1]A組,2020_中学_1年_数学_Benesse模試1回,0.5
1268,2020年度数学[中1]A組,2020_中学_1年_数学_Benesse模試1回,0.59
1269,2020年度数学[中1]A組,2020_中学_1年_数学_Benesse模試1回,0.66
1270,2020年度数学[中1]A組,2020_中学_1年_数学_Benesse模試1回,0.68
1271,2020年度数学[中1]A組,2020_中学_1年_数学_Benesse模試1回,0.87
1272,2020年度数学[中1]A組,2020_中学_1年_数学_Benesse模試1回,0.67
1273,2020年度数学[中1]A組,2020_中学_1年_数学_Benesse模試1回,0.72
1274,2020年度数学[中1]A組,2020_中学_1年_数学_Benesse模試1回,0.53
1275,2020年度数学[中1]A組,2020_中学_1年_数学_Benesse模試1回,0.54
1276,2020年度数学[中1]A組,2020_中学_1年_数学_Benesse模試1回,0.48
1277,2020年度数学[中1]A組,2020_中学_1年_数学_Benesse模試1回,0.57
1278,2020年度数学[中1]A組,2020_中学_1年_数学_Benesse模試1回,0.59
1279,2020年度数学[中1]A組,2020_中学_1年_数学_Benesse模試1回,0.55
1280,2020年度数学[中1]A組,2020_中学_1年_数学_Benesse模試1回,0.72
1281,2020年度数学[中1]A組,2020_中学_1年_数学_Benesse模試1回,0.63
1282,2020年度数学[中1]A組,2020_中学_1年_数学_Benesse模試1回,0.88
1283,2020年度数学[中1]A組,2020_中学_1年_数学_Benesse模試1回,0.66
1284,2020年度数学[中1]A組,2020_中学_1年_数学_Benesse模試1回,0.62
1285,2020年度数学[中1]A組,2020_中学_1年_数学_Benesse模試1回,0.77
1286,2020年度数学[中1]A組,2020_中学_1年_数学_Benesse模試1回,0.72
1287,2020年度数学[中1]A組,2020_中学_1年_数学_Benesse模試1回,0.37
1288,2020年度数学[中1]A組,2020_中学_1年_数学_Benesse模試1回,0.63
1289,2020年度数学[中1]A組,2020_中学_1年_数学_Benesse模試1回,0.75
1290,2020年度数学[中1]A組,2020_中学_1年_数学_Benesse模試1回,0.54
1291,2020年度数学[中1]A組,2020_中学_1年_数学_Benesse模試1回,0.56
1292,2020年度数学[中1]A組,2020_中学_1年_数学_Benesse模試1回,0.63
1293,2020年度数学[中1]A組,2020_中学_1年_数学_Benesse模試1回,0.52
1294,2020年度数学[中1]A組,2020_中学_1年_数学_Benesse模試1回,0.74
1295,2020年度数学[中1]A組,2020_中学_1年_数学_Benesse模試1回,0.58
1296,2020年度数学[中1]A組,2020_中学_1年_数学_Benesse模試1回,0.77
1297,2020年度数学[中1]A組,2020_中学_1年_数学_Benesse模試1回,0.66
1298,2020年度数学[中1]A組,2020_中学_1年_数学_Benesse模試1回,0.86
1299,2020年度数学[中1]A組,2020_中学_1年_数学_Benesse模試1回,0.75
1300,2020年度数学[中1]A組,2020_中学_1年_数学_Benesse模試1回,0.82
1301,2020年度数学[中1]B組,2020_中学_1年_数学_Benesse模試1回,0.78
1302,2020年度数学[中1]B組,2020_中学_1年_数学_Benesse模試1回,0.61
1303,2020年度数学[中1]B組,2020_中学_1年_数学_Benesse模試1回,0.46
1304,2020年度数学[中1]B組,2020_中学_1年_数学_Benesse模試1回,0.73
1305,2020年度数学[中1]B組,2020_中学_1年_数学_Benesse模試1回,0.61
1306,2020年度数学[中1]B組,2020_中学_1年_数学_Benesse模試1回,0.7
1307,2020年度数学[中1]B組,2020_中学_1年_数学_Benesse模試1回,0.78
1308,2020年度数学[中1]B組,2020_中学_1年_数学_Benesse模試1回,0.79
1309,2020年度数学[中1]B組,2020_中学_1年_数学_Benesse模試1回,0.79
1310,2020年度数学[中1]B組,2020_中学_1年_数学_Benesse模試1回,0.67
1311,2020年度数学[中1]B組,2020_中学_1年_数学_Benesse模試1回,0.56
1312,2020年度数学[中1]B組,2020_中学_1年_数学_Benesse模試1回,0.56
1313,2020年度数学[中1]B組,2020_中学_1年_数学_Benesse模試1回,0.67
1314,2020年度数学[中1]B組,2020_中学_1年_数学_Benesse模試1回,0.86
1315,2020年度数学[中1]B組,2020_中学_1年_数学_Benesse模試1回,0.66
1316,2020年度数学[中1]B組,2020_中学_1年_数学_Benesse模試1回,0.52
1317,2020年度数学[中1]B組,2020_中学_1年_数学_Benesse模試1回,0.65
1318,2020年度数学[中1]B組,2020_中学_1年_数学_Benesse模試1回,0.86
1319,2020年度数学[中1]B組,2020_中学_1年_数学_Benesse模試1回,0.57
1320,2020年度数学[中1]B組,2020_中学_1年_数学_Benesse模試1回,0.67
1321,2020年度数学[中1]B組,2020_中学_1年_数学_Benesse模試1回,0.51
1322,2020年度数学[中1]B組,2020_中学_1年_数学_Benesse模試1回,0.53
1323,2020年度数学[中1]B組,2020_中学_1年_数学_Benesse模試1回,0.83
1324,2020年度数学[中1]B組,2020_中学_1年_数学_Benesse模試1回,0.68
1325,2020年度数学[中1]B組,2020_中学_1年_数学_Benesse模試1回,0.57
1326,2020年度数学[中1]B組,2020_中学_1年_数学_Benesse模試1回,0.69
1327,2020年度数学[中1]B組,2020_中学_1年_数学_Benesse模試1回,0.62
1328,2020年度数学[中1]B組,2020_中学_1年_数学_Benesse模試1回,0.65
1329,2020年度数学[中1]B組,2020_中学_1年_数学_Benesse模試1回,0.77
1330,2020年度数学[中1]B組,2020_中学_1年_数学_Benesse模試1回,0.88
1331,2020年度数学[中1]B組,2020_中学_1年_数学_Benesse模試1回,0.79
1332,2020年度数学[中1]B組,2020_中学_1年_数学_Benesse模試1回,0.56
1333,2020年度数学[中1]B組,2020_中学_1年_数学_Benesse模試1回,0.68
1334,2020年度数学[中1]B組,2020_中学_1年_数学_Benesse模試1回,0.6
1335,2020年度数学[中1]B組,2020_中学_1年_数学_Benesse模試1回,0.58
1336,2020年度数学[中1]B組,2020_中学_1年_数学_Benesse模試1回,0.68
1337,2020年度数学[中1]B組,2020_中学_1年_数学_Benesse模試1回,0.47
1338,2020年度数学[中1]B組,2020_中学_1年_数学_Benesse模試1回,0.73
1339,2020年度数学[中1]B組,2020_中学_1年_数学_Benesse模試1回,0.54
1340,2020年度数学[中1]B組,2020_中学_1年_数学_Benesse模試1回,0.41
1341,2020年度数学[中1]C組,2020_中学_1年_数学_Benesse模試1回,0.62
1342,2020年度数学[中1]C組,2020_中学_1年_数学_Benesse模試1回,0.76
1343,2020年度数学[中1]C組,2020_中学_1年_数学_Benesse模試1回,0.78
1344,2020年度数学[中1]C組,2020_中学_1年_数学_Benesse模試1回,0.6
1345,2020年度数学[中1]C組,2020_中学_1年_数学_Benesse模試1回,0.51
1346,2020年度数学[中1]C組,2020_中学_1年_数学_Benesse模試1回,0.7
1347,2020年度数学[中1]C組,2020_中学_1年_数学_Benesse模試1回,0.7
1348,2020年度数学[中1]C組,2020_中学_1年_数学_Benesse模試1回,0.69
1349,2020年度数学[中1]C組,2020_中学_1年_数学_Benesse模試1回,0.56
1350,2020年度数学[中1]C組,2020_中学_1年_数学_Benesse模試1回,0.69
1351,2020年度数学[中1]C組,2020_中学_1年_数学_Benesse模試1回,0.75
1352,2020年度数学[中1]C組,2020_中学_1年_数学_Benesse模試1回,0.74
1353,2020年度数学[中1]C組,2020_中学_1年_数学_Benesse模試1回,0.83
1354,2020年度数学[中1]C組,2020_中学_1年_数学_Benesse模試1回,0.73
1355,2020年度数学[中1]C組,2020_中学_1年_数学_Benesse模試1回,0.64
1356,2020年度数学[中1]C組,2020_中学_1年_数学_Benesse模試1回,0.64
1357,2020年度数学[中1]C組,2020_中学_1年_数学_Benesse模試1回,0.68
1358,2020年度数学[中1]C組,2020_中学_1年_数学_Benesse模試1回,0.64
1359,2020年度数学[中1]C組,2020_中学_1年_数学_Benesse模試1回,0.62
1360,2020年度数学[中1]C組,2020_中学_1年_数学_Benesse模試1回,0.51
1361,2020年度数学[中1]C組,2020_中学_1年_数学_Benesse模試1回,0.77
1362,2020年度数学[中1]C組,2020_中学_1年_数学_Benesse模試1回,0.71
1363,2020年度数学[中1]C組,2020_中学_1年_数学_Benesse模試1回,0.74
1364,2020年度数学[中1]C組,2020_中学_1年_数学_Benesse模試1回,0.92
1365,2020年度数学[中1]C組,2020_中学_1年_数学_Benesse模試1回,0.67
1366,2020年度数学[中1]C組,2020_中学_1年_数学_Benesse模試1回,0.82
1367,2020年度数学[中1]C組,2020_中学_1年_数学_Benesse模試1回,0.87
1368,2020年度数学[中1]C組,2020_中学_1年_数学_Benesse模試1回,0.61
1369,2020年度数学[中1]C組,2020_中学_1年_数学_Benesse模試1回,0.62
1370,2020年度数学[中1]C組,2020_中学_1年_数学_Benesse模試1回,0.54
1371,2020年度数学[中1]C組,2020_中学_1年_数学_Benesse模試1回,0.56
1372,2020年度数学[中1]C組,2020_中学_1年_数学_Benesse模試1回,0.75
1373,2020年度数学[中1]C組,2020_中学_1年_数学_Benesse模試1回,0.58
1374,2020年度数学[中1]C組,2020_中学_1年_数学_Benesse模試1回,0.73
1375,2020年度数学[中1]C組,2020_中学_1年_数学_Benesse模試1回,0.64
1376,2020年度数学[中1]C組,2020_中学_1年_数学_Benesse模試1回,0.69
1377,2020年度数学[中1]C組,2020_中学_1年_数学_Benesse模試1回,0.66
1378,2020年度数学[中1]C組,2020_中学_1年_数学_Benesse模試1回,0.54
1379,2020年度数学[中1]C組,2020_中学_1年_数学_Benesse模試1回,0.54
1380,2020年度数学[中1]C組,2020_中学_1年_数学_Benesse模試1回,0.6
326,2020年度数学[中2]A組,2128_中学_2年_数学_Benesse模試1回,0.9
286,2020年度数学[中2]A組,2127_中学_2年_数学_Benesse模試1回,0.56
369,2020年度数学[中2]A組,2126_中学_2年_数学_Benesse模試1回,0.74
330,2020年度数学[中2]A組,2125_中学_2年_数学_Benesse模試1回,0.9
333,2020年度数学[中2]A組,2124_中学_2年_数学_Benesse模試1回,0.6
336,2020年度数学[中2]A組,2123_中学_2年_数学_Benesse模試1回,0.88
372,2020年度数学[中2]A組,2122_中学_2年_数学_Benesse模試1回,0.68
337,2020年度数学[中2]A組,2121_中学_2年_数学_Benesse模試1回,0.88
289,2020年度数学[中2]A組,2120_中学_2年_数学_Benesse模試1回,0.64
373,2020年度数学[中2]A組,2119_中学_2年_数学_Benesse模試1回,0.9
291,2020年度数学[中2]A組,2118_中学_2年_数学_Benesse模試1回,0.45
293,2020年度数学[中2]A組,2117_中学_2年_数学_Benesse模試1回,0.58
295,2020年度数学[中2]A組,2116_中学_2年_数学_Benesse模試1回,0.78
298,2020年度数学[中2]A組,2115_中学_2年_数学_Benesse模試1回,0.83
377,2020年度数学[中2]A組,2114_中学_2年_数学_Benesse模試1回,0.67
342,2020年度数学[中2]A組,2113_中学_2年_数学_Benesse模試1回,0.81
345,2020年度数学[中2]A組,2112_中学_2年_数学_Benesse模試1回,0.64
347,2020年度数学[中2]A組,2111_中学_2年_数学_Benesse模試1回,0.85
304,2020年度数学[中2]A組,2110_中学_2年_数学_Benesse模試1回,0.69
348,2020年度数学[中2]A組,2109_中学_2年_数学_Benesse模試1回,0.88
350,2020年度数学[中2]A組,2108_中学_2年_数学_Benesse模試1回,0.75
351,2020年度数学[中2]A組,2107_中学_2年_数学_Benesse模試1回,0.73
354,2020年度数学[中2]A組,2106_中学_2年_数学_Benesse模試1回,0.86
387,2020年度数学[中2]A組,2105_中学_2年_数学_Benesse模試1回,0.9
312,2020年度数学[中2]A組,2104_中学_2年_数学_Benesse模試1回,0.65
357,2020年度数学[中2]A組,2103_中学_2年_数学_Benesse模試1回,0.82
314,2020年度数学[中2]A組,2102_中学_2年_数学_Benesse模試1回,0.88
392,2020年度数学[中2]A組,2101_中学_2年_数学_Benesse模試1回,0.78
318,2020年度数学[中2]A組,2100_中学_2年_数学_Benesse模試1回,0.76
397,2020年度数学[中2]A組,2099_中学_2年_数学_Benesse模試1回,0.77
399,2020年度数学[中2]A組,2098_中学_2年_数学_Benesse模試1回,0.81
319,2020年度数学[中2]A組,2097_中学_2年_数学_Benesse模試1回,0.88
320,2020年度数学[中2]A組,2096_中学_2年_数学_Benesse模試1回,0.64
363,2020年度数学[中2]A組,2095_中学_2年_数学_Benesse模試1回,0.73
400,2020年度数学[中2]A組,2094_中学_2年_数学_Benesse模試1回,0.83
322,2020年度数学[中2]A組,2093_中学_2年_数学_Benesse模試1回,0.83
403,2020年度数学[中2]A組,2092_中学_2年_数学_Benesse模試1回,0.8
325,2020年度数学[中2]B組,2091_中学_2年_数学_Benesse模試1回,0.7
365,2020年度数学[中2]B組,2090_中学_2年_数学_Benesse模試1回,0.71
366,2020年度数学[中2]B組,2089_中学_2年_数学_Benesse模試1回,0.27
368,2020年度数学[中2]B組,2088_中学_2年_数学_Benesse模試1回,0.66
332,2020年度数学[中2]B組,2087_中学_2年_数学_Benesse模試1回,0.88
371,2020年度数学[中2]B組,2086_中学_2年_数学_Benesse模試1回,0.78
338,2020年度数学[中2]B組,2085_中学_2年_数学_Benesse模試1回,0.64
374,2020年度数学[中2]B組,2084_中学_2年_数学_Benesse模試1回,0.85
339,2020年度数学[中2]B組,2083_中学_2年_数学_Benesse模試1回,0.9
340,2020年度数学[中2]B組,2082_中学_2年_数学_Benesse模試1回,0.78
296,2020年度数学[中2]B組,2081_中学_2年_数学_Benesse模試1回,0.9
300,2020年度数学[中2]B組,2080_中学_2年_数学_Benesse模試1回,0.78
380,2020年度数学[中2]B組,2079_中学_2年_数学_Benesse模試1回,0.93
349,2020年度数学[中2]B組,2078_中学_2年_数学_Benesse模試1回,0.71
385,2020年度数学[中2]B組,2077_中学_2年_数学_Benesse模試1回,0.88
305,2020年度数学[中2]B組,2076_中学_2年_数学_Benesse模試1回,0.5
352,2020年度数学[中2]B組,2075_中学_2年_数学_Benesse模試1回,0.88
306,2020年度数学[中2]B組,2074_中学_2年_数学_Benesse模試1回,0.79
355,2020年度数学[中2]B組,2073_中学_2年_数学_Benesse模試1回,0.79
309,2020年度数学[中2]B組,2072_中学_2年_数学_Benesse模試1回,0.83
310,2020年度数学[中2]B組,2071_中学_2年_数学_Benesse模試1回,0.59
389,2020年度数学[中2]B組,2070_中学_2年_数学_Benesse模試1回,0.83
390,2020年度数学[中2]B組,2069_中学_2年_数学_Benesse模試1回,0.88
315,2020年度数学[中2]B組,2068_中学_2年_数学_Benesse模試1回,0.78
393,2020年度数学[中2]B組,2067_中学_2年_数学_Benesse模試1回,0.89
317,2020年度数学[中2]B組,2066_中学_2年_数学_Benesse模試1回,0.85
358,2020年度数学[中2]B組,2065_中学_2年_数学_Benesse模試1回,0.67
359,2020年度数学[中2]B組,2064_中学_2年_数学_Benesse模試1回,0.76
395,2020年度数学[中2]B組,2063_中学_2年_数学_Benesse模試1回,0.83
360,2020年度数学[中2]B組,2062_中学_2年_数学_Benesse模試1回,0.83
361,2020年度数学[中2]B組,2061_中学_2年_数学_Benesse模試1回,0.88
396,2020年度数学[中2]B組,2060_中学_2年_数学_Benesse模試1回,0.69
398,2020年度数学[中2]B組,2059_中学_2年_数学_Benesse模試1回,0.64
321,2020年度数学[中2]B組,2058_中学_2年_数学_Benesse模試1回,0.91
324,2020年度数学[中2]B組,2057_中学_2年_数学_Benesse模試1回,0.7
285,2020年度数学[中2]C組,2056_中学_2年_数学_Benesse模試1回,0.87
367,2020年度数学[中2]C組,2055_中学_2年_数学_Benesse模試1回,0.89
327,2020年度数学[中2]C組,2054_中学_2年_数学_Benesse模試1回,0.88
328,2020年度数学[中2]C組,2053_中学_2年_数学_Benesse模試1回,0.86
329,2020年度数学[中2]C組,2052_中学_2年_数学_Benesse模試1回,0.65
331,2020年度数学[中2]C組,2051_中学_2年_数学_Benesse模試1回,0.39
287,2020年度数学[中2]C組,2050_中学_2年_数学_Benesse模試1回,0.71
334,2020年度数学[中2]C組,2049_中学_2年_数学_Benesse模試1回,0.88
335,2020年度数学[中2]C組,2048_中学_2年_数学_Benesse模試1回,0.66
288,2020年度数学[中2]C組,2047_中学_2年_数学_Benesse模試1回,0.81
375,2020年度数学[中2]C組,2046_中学_2年_数学_Benesse模試1回,0.81
290,2020年度数学[中2]C組,2045_中学_2年_数学_Benesse模試1回,0.58
297,2020年度数学[中2]C組,2044_中学_2年_数学_Benesse模試1回,0.78
299,2020年度数学[中2]C組,2043_中学_2年_数学_Benesse模試1回,0.83
343,2020年度数学[中2]C組,2042_中学_2年_数学_Benesse模試1回,0.64
302,2020年度数学[中2]C組,2041_中学_2年_数学_Benesse模試1回,0.46
378,2020年度数学[中2]C組,2040_中学_2年_数学_Benesse模試1回,0.88
346,2020年度数学[中2]C組,2039_中学_2年_数学_Benesse模試1回,0.88
381,2020年度数学[中2]C組,2038_中学_2年_数学_Benesse模試1回,0.93
382,2020年度数学[中2]C組,2037_中学_2年_数学_Benesse模試1回,0.83
383,2020年度数学[中2]C組,2036_中学_2年_数学_Benesse模試1回,0.81
384,2020年度数学[中2]C組,2035_中学_2年_数学_Benesse模試1回,0.64
353,2020年度数学[中2]C組,2034_中学_2年_数学_Benesse模試1回,0.78
386,2020年度数学[中2]C組,2033_中学_2年_数学_Benesse模試1回,0.66
307,2020年度数学[中2]C組,2032_中学_2年_数学_Benesse模試1回,0.7
388,2020年度数学[中2]C組,2031_中学_2年_数学_Benesse模試1回,0.63
308,2020年度数学[中2]C組,2030_中学_2年_数学_Benesse模試1回,0.78
311,2020年度数学[中2]C組,2029_中学_2年_数学_Benesse模試1回,0.86
313,2020年度数学[中2]C組,2028_中学_2年_数学_Benesse模試1回,0.72
356,2020年度数学[中2]C組,2027_中学_2年_数学_Benesse模試1回,0.86
391,2020年度数学[中2]C組,2026_中学_2年_数学_Benesse模試1回,0.88
394,2020年度数学[中2]C組,2025_中学_2年_数学_Benesse模試1回,0.7
362,2020年度数学[中2]C組,2024_中学_2年_数学_Benesse模試1回,0.78
401,2020年度数学[中2]C組,2023_中学_2年_数学_Benesse模試1回,0.93
402,2020年度数学[中2]C組,2022_中学_2年_数学_Benesse模試1回,0.82
323,2020年度数学[中2]C組,2021_中学_2年_数学_Benesse模試1回,0.55
364,2020年度数学[中2]C組,2020_中学_2年_数学_Benesse模試1回,0.41
484,2020年度数学[中3]A組,2020_中学_3年_数学_Benesse模試1回,0.81
444,2020年度数学[中3]A組,2020_中学_3年_数学_Benesse模試1回,0.8
404,2020年度数学[中3]A組,2020_中学_3年_数学_Benesse模試1回,0.49
447,2020年度数学[中3]A組,2020_中学_3年_数学_Benesse模試1回,0.86
451,2020年度数学[中3]A組,2020_中学_3年_数学_Benesse模試1回,0.87
410,2020年度数学[中3]A組,2020_中学_3年_数学_Benesse模試1回,0.56
412,2020年度数学[中3]A組,2020_中学_3年_数学_Benesse模試1回,0.78
413,2020年度数学[中3]A組,2020_中学_3年_数学_Benesse模試1回,0.6
456,2020年度数学[中3]A組,2020_中学_3年_数学_Benesse模試1回,0.4
414,2020年度数学[中3]A組,2020_中学_3年_数学_Benesse模試1回,0.69
495,2020年度数学[中3]A組,2020_中学_3年_数学_Benesse模試1回,0.73
459,2020年度数学[中3]A組,2020_中学_3年_数学_Benesse模試1回,1
461,2020年度数学[中3]A組,2020_中学_3年_数学_Benesse模試1回,0.65
499,2020年度数学[中3]A組,2020_中学_3年_数学_Benesse模試1回,0.78
420,2020年度数学[中3]A組,2020_中学_3年_数学_Benesse模試1回,0.75
462,2020年度数学[中3]A組,2020_中学_3年_数学_Benesse模試1回,0.55
500,2020年度数学[中3]A組,2020_中学_3年_数学_Benesse模試1回,0.47
463,2020年度数学[中3]A組,2020_中学_3年_数学_Benesse模試1回,0.47
501,2020年度数学[中3]A組,2020_中学_3年_数学_Benesse模試1回,0.66
505,2020年度数学[中3]A組,2020_中学_3年_数学_Benesse模試1回,0.68
506,2020年度数学[中3]A組,2020_中学_3年_数学_Benesse模試1回,0.7
469,2020年度数学[中3]A組,2020_中学_3年_数学_Benesse模試1回,0.54
424,2020年度数学[中3]A組,2020_中学_3年_数学_Benesse模試1回,0.44
425,2020年度数学[中3]A組,2020_中学_3年_数学_Benesse模試1回,0.56
427,2020年度数学[中3]A組,2020_中学_3年_数学_Benesse模試1回,0.69
508,2020年度数学[中3]A組,2020_中学_3年_数学_Benesse模試1回,0.78
470,2020年度数学[中3]A組,2020_中学_3年_数学_Benesse模試1回,0.72
510,2020年度数学[中3]A組,2020_中学_3年_数学_Benesse模試1回,0.84
472,2020年度数学[中3]A組,2020_中学_3年_数学_Benesse模試1回,0.6
428,2020年度数学[中3]A組,2020_中学_3年_数学_Benesse模試1回,0.76
512,2020年度数学[中3]A組,2020_中学_3年_数学_Benesse模試1回,0.66
432,2020年度数学[中3]A組,2020_中学_3年_数学_Benesse模試1回,0.85
479,2020年度数学[中3]A組,2020_中学_3年_数学_Benesse模試1回,0.52
516,2020年度数学[中3]A組,2020_中学_3年_数学_Benesse模試1回,0.6
438,2020年度数学[中3]A組,2020_中学_3年_数学_Benesse模試1回,0.49
439,2020年度数学[中3]A組,2020_中学_3年_数学_Benesse模試1回,0.77
483,2020年度数学[中3]A組,2020_中学_3年_数学_Benesse模試1回,0.71
521,2020年度数学[中3]A組,2020_中学_3年_数学_Benesse模試1回,0.42
442,2020年度数学[中3]A組,2020_中学_3年_数学_Benesse模試1回,0.71
443,2020年度数学[中3]A組,2020_中学_3年_数学_Benesse模試1回,0.65
446,2020年度数学[中3]B組,2020_中学_3年_数学_Benesse模試1回,0.69
405,2020年度数学[中3]B組,2020_中学_3年_数学_Benesse模試1回,0.74
449,2020年度数学[中3]B組,2020_中学_3年_数学_Benesse模試1回,0.55
450,2020年度数学[中3]B組,2020_中学_3年_数学_Benesse模試1回,0.62
488,2020年度数学[中3]B組,2020_中学_3年_数学_Benesse模試1回,0.7
409,2020年度数学[中3]B組,2020_中学_3年_数学_Benesse模試1回,0.65
411,2020年度数学[中3]B組,2020_中学_3年_数学_Benesse模試1回,0.56
452,2020年度数学[中3]B組,2020_中学_3年_数学_Benesse模試1回,0.63
453,2020年度数学[中3]B組,2020_中学_3年_数学_Benesse模試1回,0.84
490,2020年度数学[中3]B組,2020_中学_3年_数学_Benesse模試1回,0.56
492,2020年度数学[中3]B組,2020_中学_3年_数学_Benesse模試1回,0.83
416,2020年度数学[中3]B組,2020_中学_3年_数学_Benesse模試1回,0.75
417,2020年度数学[中3]B組,2020_中学_3年_数学_Benesse模試1回,0.68
458,2020年度数学[中3]B組,2020_中学_3年_数学_Benesse模試1回,0.72
496,2020年度数学[中3]B組,2020_中学_3年_数学_Benesse模試1回,0.8
497,2020年度数学[中3]B組,2020_中学_3年_数学_Benesse模試1回,0.78
418,2020年度数学[中3]B組,2020_中学_3年_数学_Benesse模試1回,0.51
419,2020年度数学[中3]B組,2020_中学_3年_数学_Benesse模試1回,0.83
464,2020年度数学[中3]B組,2020_中学_3年_数学_Benesse模試1回,0.58
502,2020年度数学[中3]B組,2020_中学_3年_数学_Benesse模試1回,0.8
421,2020年度数学[中3]B組,2020_中学_3年_数学_Benesse模試1回,0.74
503,2020年度数学[中3]B組,2020_中学_3年_数学_Benesse模試1回,0.85
504,2020年度数学[中3]B組,2020_中学_3年_数学_Benesse模試1回,0.81
467,2020年度数学[中3]B組,2020_中学_3年_数学_Benesse模試1回,0.76
468,2020年度数学[中3]B組,2020_中学_3年_数学_Benesse模試1回,0.78
423,2020年度数学[中3]B組,2020_中学_3年_数学_Benesse模試1回,0.67
507,2020年度数学[中3]B組,2020_中学_3年_数学_Benesse模試1回,0.65
471,2020年度数学[中3]B組,2020_中学_3年_数学_Benesse模試1回,0.78
473,2020年度数学[中3]B組,2020_中学_3年_数学_Benesse模試1回,0.36
429,2020年度数学[中3]B組,2020_中学_3年_数学_Benesse模試1回,0.83
476,2020年度数学[中3]B組,2020_中学_3年_数学_Benesse模試1回,0.44
478,2020年度数学[中3]B組,2020_中学_3年_数学_Benesse模試1回,0.47
480,2020年度数学[中3]B組,2020_中学_3年_数学_Benesse模試1回,0.75
433,2020年度数学[中3]B組,2020_中学_3年_数学_Benesse模試1回,0.67
517,2020年度数学[中3]B組,2020_中学_3年_数学_Benesse模試1回,0.53
435,2020年度数学[中3]B組,2020_中学_3年_数学_Benesse模試1回,0.72
437,2020年度数学[中3]B組,2020_中学_3年_数学_Benesse模試1回,0.88
482,2020年度数学[中3]B組,2020_中学_3年_数学_Benesse模試1回,0.76
440,2020年度数学[中3]B組,2020_中学_3年_数学_Benesse模試1回,0.77
485,2020年度数学[中3]C組,2020_中学_3年_数学_Benesse模試1回,0.62
445,2020年度数学[中3]C組,2020_中学_3年_数学_Benesse模試1回,0.84
486,2020年度数学[中3]C組,2020_中学_3年_数学_Benesse模試1回,0.57
448,2020年度数学[中3]C組,2020_中学_3年_数学_Benesse模試1回,0.69
406,2020年度数学[中3]C組,2020_中学_3年_数学_Benesse模試1回,0.41
487,2020年度数学[中3]C組,2020_中学_3年_数学_Benesse模試1回,0.91
407,2020年度数学[中3]C組,2020_中学_3年_数学_Benesse模試1回,0.84
408,2020年度数学[中3]C組,2020_中学_3年_数学_Benesse模試1回,0.83
454,2020年度数学[中3]C組,2020_中学_3年_数学_Benesse模試1回,0.67
455,2020年度数学[中3]C組,2020_中学_3年_数学_Benesse模試1回,0.72
489,2020年度数学[中3]C組,2020_中学_3年_数学_Benesse模試1回,0.74
491,2020年度数学[中3]C組,2020_中学_3年_数学_Benesse模試1回,0.56
493,2020年度数学[中3]C組,2020_中学_3年_数学_Benesse模試1回,0.71
415,2020年度数学[中3]C組,2020_中学_3年_数学_Benesse模試1回,0.57
494,2020年度数学[中3]C組,2020_中学_3年_数学_Benesse模試1回,0.76
457,2020年度数学[中3]C組,2020_中学_3年_数学_Benesse模試1回,0.72
460,2020年度数学[中3]C組,2020_中学_3年_数学_Benesse模試1回,0.79
498,2020年度数学[中3]C組,2020_中学_3年_数学_Benesse模試1回,0.78
465,2020年度数学[中3]C組,2020_中学_3年_数学_Benesse模試1回,0.83
466,2020年度数学[中3]C組,2020_中学_3年_数学_Benesse模試1回,0.82
422,2020年度数学[中3]C組,2020_中学_3年_数学_Benesse模試1回,0.66
426,2020年度数学[中3]C組,2020_中学_3年_数学_Benesse模試1回,0.83
509,2020年度数学[中3]C組,2020_中学_3年_数学_Benesse模試1回,0.65
511,2020年度数学[中3]C組,2020_中学_3年_数学_Benesse模試1回,0.54
474,2020年度数学[中3]C組,2020_中学_3年_数学_Benesse模試1回,0.68
513,2020年度数学[中3]C組,2020_中学_3年_数学_Benesse模試1回,0.7
475,2020年度数学[中3]C組,2020_中学_3年_数学_Benesse模試1回,0.53
477,2020年度数学[中3]C組,2020_中学_3年_数学_Benesse模試1回,0.6
514,2020年度数学[中3]C組,2020_中学_3年_数学_Benesse模試1回,0.84
431,2020年度数学[中3]C組,2020_中学_3年_数学_Benesse模試1回,0.75
515,2020年度数学[中3]C組,2020_中学_3年_数学_Benesse模試1回,0.66
481,2020年度数学[中3]C組,2020_中学_3年_数学_Benesse模試1回,0.64
434,2020年度数学[中3]C組,2020_中学_3年_数学_Benesse模試1回,0.75
518,2020年度数学[中3]C組,2020_中学_3年_数学_Benesse模試1回,0.67
436,2020年度数学[中3]C組,2020_中学_3年_数学_Benesse模試1回,0.8
519,2020年度数学[中3]C組,2020_中学_3年_数学_Benesse模試1回,0.55
520,2020年度数学[中3]C組,2020_中学_3年_数学_Benesse模試1回,0.73
522,2020年度数学[中3]C組,2020_中学_3年_数学_Benesse模試1回,0.56
441,2020年度数学[中3]C組,2020_中学_3年_数学_Benesse模試1回,0.57
1261,2020年度数学[中1]A組,2020_中学_1年_数学_Benesse模試2回,0.66
1262,2020年度数学[中1]A組,2020_中学_1年_数学_Benesse模試2回,0.97
1263,2020年度数学[中1]A組,2020_中学_1年_数学_Benesse模試2回,0.54
1264,2020年度数学[中1]A組,2020_中学_1年_数学_Benesse模試2回,0.71
1265,2020年度数学[中1]A組,2020_中学_1年_数学_Benesse模試2回,0.82
1266,2020年度数学[中1]A組,2020_中学_1年_数学_Benesse模試2回,0.71
1267,2020年度数学[中1]A組,2020_中学_1年_数学_Benesse模試2回,0.61
1268,2020年度数学[中1]A組,2020_中学_1年_数学_Benesse模試2回,0.71
1269,2020年度数学[中1]A組,2020_中学_1年_数学_Benesse模試2回,0.7
1270,2020年度数学[中1]A組,2020_中学_1年_数学_Benesse模試2回,0.64
1271,2020年度数学[中1]A組,2020_中学_1年_数学_Benesse模試2回,0.68
1272,2020年度数学[中1]A組,2020_中学_1年_数学_Benesse模試2回,0.79
1273,2020年度数学[中1]A組,2020_中学_1年_数学_Benesse模試2回,0.65
1274,2020年度数学[中1]A組,2020_中学_1年_数学_Benesse模試2回,0.68
1275,2020年度数学[中1]A組,2020_中学_1年_数学_Benesse模試2回,0.79
1276,2020年度数学[中1]A組,2020_中学_1年_数学_Benesse模試2回,0.64
1277,2020年度数学[中1]A組,2020_中学_1年_数学_Benesse模試2回,0.54
1278,2020年度数学[中1]A組,2020_中学_1年_数学_Benesse模試2回,0.63
1279,2020年度数学[中1]A組,2020_中学_1年_数学_Benesse模試2回,0.67
1280,2020年度数学[中1]A組,2020_中学_1年_数学_Benesse模試2回,0.79
1281,2020年度数学[中1]A組,2020_中学_1年_数学_Benesse模試2回,0.83
1282,2020年度数学[中1]A組,2020_中学_1年_数学_Benesse模試2回,0.73
1283,2020年度数学[中1]A組,2020_中学_1年_数学_Benesse模試2回,0.77
1284,2020年度数学[中1]A組,2020_中学_1年_数学_Benesse模試2回,0.67
1285,2020年度数学[中1]A組,2020_中学_1年_数学_Benesse模試2回,0.85
1286,2020年度数学[中1]A組,2020_中学_1年_数学_Benesse模試2回,0.81
1287,2020年度数学[中1]A組,2020_中学_1年_数学_Benesse模試2回,0.62
1288,2020年度数学[中1]A組,2020_中学_1年_数学_Benesse模試2回,0.56
1289,2020年度数学[中1]A組,2020_中学_1年_数学_Benesse模試2回,0.94
1290,2020年度数学[中1]A組,2020_中学_1年_数学_Benesse模試2回,0.6
1291,2020年度数学[中1]A組,2020_中学_1年_数学_Benesse模試2回,0.65
1292,2020年度数学[中1]A組,2020_中学_1年_数学_Benesse模試2回,0.77
1293,2020年度数学[中1]A組,2020_中学_1年_数学_Benesse模試2回,0.67
1294,2020年度数学[中1]A組,2020_中学_1年_数学_Benesse模試2回,0.78
1295,2020年度数学[中1]A組,2020_中学_1年_数学_Benesse模試2回,0.78
1296,2020年度数学[中1]A組,2020_中学_1年_数学_Benesse模試2回,0.88
1297,2020年度数学[中1]A組,2020_中学_1年_数学_Benesse模試2回,0.89
1298,2020年度数学[中1]A組,2020_中学_1年_数学_Benesse模試2回,0.95
1299,2020年度数学[中1]A組,2020_中学_1年_数学_Benesse模試2回,0.81
1300,2020年度数学[中1]A組,2020_中学_1年_数学_Benesse模試2回,0.91
1301,2020年度数学[中1]B組,2020_中学_1年_数学_Benesse模試2回,0.62
1302,2020年度数学[中1]B組,2020_中学_1年_数学_Benesse模試2回,0.53
1303,2020年度数学[中1]B組,2020_中学_1年_数学_Benesse模試2回,0.38
1304,2020年度数学[中1]B組,2020_中学_1年_数学_Benesse模試2回,0.84
1305,2020年度数学[中1]B組,2020_中学_1年_数学_Benesse模試2回,0.84
1306,2020年度数学[中1]B組,2020_中学_1年_数学_Benesse模試2回,0.86
1307,2020年度数学[中1]B組,2020_中学_1年_数学_Benesse模試2回,0.69
1308,2020年度数学[中1]B組,2020_中学_1年_数学_Benesse模試2回,0.88
1309,2020年度数学[中1]B組,2020_中学_1年_数学_Benesse模試2回,0.85
1310,2020年度数学[中1]B組,2020_中学_1年_数学_Benesse模試2回,0.83
1311,2020年度数学[中1]B組,2020_中学_1年_数学_Benesse模試2回,0.59
1312,2020年度数学[中1]B組,2020_中学_1年_数学_Benesse模試2回,0.63
1313,2020年度数学[中1]B組,2020_中学_1年_数学_Benesse模試2回,0.8
1314,2020年度数学[中1]B組,2020_中学_1年_数学_Benesse模試2回,0.9
1315,2020年度数学[中1]B組,2020_中学_1年_数学_Benesse模試2回,0.81
1316,2020年度数学[中1]B組,2020_中学_1年_数学_Benesse模試2回,0.7
1317,2020年度数学[中1]B組,2020_中学_1年_数学_Benesse模試2回,0.52
1318,2020年度数学[中1]B組,2020_中学_1年_数学_Benesse模試2回,0.77
1319,2020年度数学[中1]B組,2020_中学_1年_数学_Benesse模試2回,0.6
1320,2020年度数学[中1]B組,2020_中学_1年_数学_Benesse模試2回,0.75
1321,2020年度数学[中1]B組,2020_中学_1年_数学_Benesse模試2回,0.7
1322,2020年度数学[中1]B組,2020_中学_1年_数学_Benesse模試2回,0.72
1323,2020年度数学[中1]B組,2020_中学_1年_数学_Benesse模試2回,0.69
1324,2020年度数学[中1]B組,2020_中学_1年_数学_Benesse模試2回,0.61
1326,2020年度数学[中1]B組,2020_中学_1年_数学_Benesse模試2回,0.8
1327,2020年度数学[中1]B組,2020_中学_1年_数学_Benesse模試2回,0.8
1328,2020年度数学[中1]B組,2020_中学_1年_数学_Benesse模試2回,0.63
1329,2020年度数学[中1]B組,2020_中学_1年_数学_Benesse模試2回,0.75
1330,2020年度数学[中1]B組,2020_中学_1年_数学_Benesse模試2回,1
1331,2020年度数学[中1]B組,2020_中学_1年_数学_Benesse模試2回,0.9
1332,2020年度数学[中1]B組,2020_中学_1年_数学_Benesse模試2回,0.48
1333,2020年度数学[中1]B組,2020_中学_1年_数学_Benesse模試2回,0.56
1334,2020年度数学[中1]B組,2020_中学_1年_数学_Benesse模試2回,0.8
1335,2020年度数学[中1]B組,2020_中学_1年_数学_Benesse模試2回,0.7
1336,2020年度数学[中1]B組,2020_中学_1年_数学_Benesse模試2回,0.62
1337,2020年度数学[中1]B組,2020_中学_1年_数学_Benesse模試2回,0.7
1338,2020年度数学[中1]B組,2020_中学_1年_数学_Benesse模試2回,0.97
1339,2020年度数学[中1]B組,2020_中学_1年_数学_Benesse模試2回,0.74
1340,2020年度数学[中1]B組,2020_中学_1年_数学_Benesse模試2回,0.51
1341,2020年度数学[中1]C組,2020_中学_1年_数学_Benesse模試2回,0.86
1342,2020年度数学[中1]C組,2020_中学_1年_数学_Benesse模試2回,0.73
1343,2020年度数学[中1]C組,2020_中学_1年_数学_Benesse模試2回,0.73
1344,2020年度数学[中1]C組,2020_中学_1年_数学_Benesse模試2回,0.54
1345,2020年度数学[中1]C組,2020_中学_1年_数学_Benesse模試2回,0.39
1346,2020年度数学[中1]C組,2020_中学_1年_数学_Benesse模試2回,0.88
1347,2020年度数学[中1]C組,2020_中学_1年_数学_Benesse模試2回,0.71
1348,2020年度数学[中1]C組,2020_中学_1年_数学_Benesse模試2回,0.93
1349,2020年度数学[中1]C組,2020_中学_1年_数学_Benesse模試2回,0.84
1350,2020年度数学[中1]C組,2020_中学_1年_数学_Benesse模試2回,0.6
1351,2020年度数学[中1]C組,2020_中学_1年_数学_Benesse模試2回,0.85
1352,2020年度数学[中1]C組,2020_中学_1年_数学_Benesse模試2回,0.7
1354,2020年度数学[中1]C組,2020_中学_1年_数学_Benesse模試2回,0.89
1355,2020年度数学[中1]C組,2020_中学_1年_数学_Benesse模試2回,0.63
1356,2020年度数学[中1]C組,2020_中学_1年_数学_Benesse模試2回,0.64
1357,2020年度数学[中1]C組,2020_中学_1年_数学_Benesse模試2回,0.81
1358,2020年度数学[中1]C組,2020_中学_1年_数学_Benesse模試2回,0.78
1359,2020年度数学[中1]C組,2020_中学_1年_数学_Benesse模試2回,0.6
1360,2020年度数学[中1]C組,2020_中学_1年_数学_Benesse模試2回,0.66
1361,2020年度数学[中1]C組,2020_中学_1年_数学_Benesse模試2回,0.63
1362,2020年度数学[中1]C組,2020_中学_1年_数学_Benesse模試2回,0.73
1364,2020年度数学[中1]C組,2020_中学_1年_数学_Benesse模試2回,1
1365,2020年度数学[中1]C組,2020_中学_1年_数学_Benesse模試2回,0.74
1366,2020年度数学[中1]C組,2020_中学_1年_数学_Benesse模試2回,0.85
1367,2020年度数学[中1]C組,2020_中学_1年_数学_Benesse模試2回,0.83
1368,2020年度数学[中1]C組,2020_中学_1年_数学_Benesse模試2回,0.85
1369,2020年度数学[中1]C組,2020_中学_1年_数学_Benesse模試2回,0.8
1370,2020年度数学[中1]C組,2020_中学_1年_数学_Benesse模試2回,0.55
1371,2020年度数学[中1]C組,2020_中学_1年_数学_Benesse模試2回,0.77
1372,2020年度数学[中1]C組,2020_中学_1年_数学_Benesse模試2回,0.73
1373,2020年度数学[中1]C組,2020_中学_1年_数学_Benesse模試2回,0.78
1374,2020年度数学[中1]C組,2020_中学_1年_数学_Benesse模試2回,0.84
1375,2020年度数学[中1]C組,2020_中学_1年_数学_Benesse模試2回,0.78
1376,2020年度数学[中1]C組,2020_中学_1年_数学_Benesse模試2回,0.76
1377,2020年度数学[中1]C組,2020_中学_1年_数学_Benesse模試2回,0.84
1378,2020年度数学[中1]C組,2020_中学_1年_数学_Benesse模試2回,0.74
1379,2020年度数学[中1]C組,2020_中学_1年_数学_Benesse模試2回,0.66
1380,2020年度数学[中1]C組,2020_中学_1年_数学_Benesse模試2回,0.85
326,2020年度数学[中2]A組,2020_中学_2年_数学_Benesse模試2回,0.63
286,2020年度数学[中2]A組,2020_中学_2年_数学_Benesse模試2回,0.51
369,2020年度数学[中2]A組,2020_中学_2年_数学_Benesse模試2回,0.55
330,2020年度数学[中2]A組,2020_中学_2年_数学_Benesse模試2回,0.77
333,2020年度数学[中2]A組,2020_中学_2年_数学_Benesse模試2回,0.48
336,2020年度数学[中2]A組,2020_中学_2年_数学_Benesse模試2回,0.81
372,2020年度数学[中2]A組,2020_中学_2年_数学_Benesse模試2回,0.54
337,2020年度数学[中2]A組,2020_中学_2年_数学_Benesse模試2回,0.78
289,2020年度数学[中2]A組,2020_中学_2年_数学_Benesse模試2回,0.72
373,2020年度数学[中2]A組,2020_中学_2年_数学_Benesse模試2回,0.9
291,2020年度数学[中2]A組,2020_中学_2年_数学_Benesse模試2回,0.42
293,2020年度数学[中2]A組,2020_中学_2年_数学_Benesse模試2回,0.38
295,2020年度数学[中2]A組,2020_中学_2年_数学_Benesse模試2回,0.69
298,2020年度数学[中2]A組,2020_中学_2年_数学_Benesse模試2回,0.83
377,2020年度数学[中2]A組,2020_中学_2年_数学_Benesse模試2回,0.74
342,2020年度数学[中2]A組,2020_中学_2年_数学_Benesse模試2回,0.71
345,2020年度数学[中2]A組,2020_中学_2年_数学_Benesse模試2回,0.61
347,2020年度数学[中2]A組,2020_中学_2年_数学_Benesse模試2回,0.64
379,2020年度数学[中2]A組,2020_中学_2年_数学_Benesse模試2回,0.56
304,2020年度数学[中2]A組,2020_中学_2年_数学_Benesse模試2回,0.75
348,2020年度数学[中2]A組,2020_中学_2年_数学_Benesse模試2回,0.7
350,2020年度数学[中2]A組,2020_中学_2年_数学_Benesse模試2回,0.67
351,2020年度数学[中2]A組,2020_中学_2年_数学_Benesse模試2回,0.55
354,2020年度数学[中2]A組,2020_中学_2年_数学_Benesse模試2回,0.87
387,2020年度数学[中2]A組,2020_中学_2年_数学_Benesse模試2回,0.7
312,2020年度数学[中2]A組,2020_中学_2年_数学_Benesse模試2回,0.62
357,2020年度数学[中2]A組,2020_中学_2年_数学_Benesse模試2回,0.72
314,2020年度数学[中2]A組,2020_中学_2年_数学_Benesse模試2回,0.79
392,2020年度数学[中2]A組,2020_中学_2年_数学_Benesse模試2回,0.67
316,2020年度数学[中2]A組,2020_中学_2年_数学_Benesse模試2回,0.62
318,2020年度数学[中2]A組,2020_中学_2年_数学_Benesse模試2回,0.56
397,2020年度数学[中2]A組,2020_中学_2年_数学_Benesse模試2回,0.63
399,2020年度数学[中2]A組,2020_中学_2年_数学_Benesse模試2回,0.66
319,2020年度数学[中2]A組,2020_中学_2年_数学_Benesse模試2回,0.82
320,2020年度数学[中2]A組,2020_中学_2年_数学_Benesse模試2回,0.51
363,2020年度数学[中2]A組,2020_中学_2年_数学_Benesse模試2回,0.43
400,2020年度数学[中2]A組,2020_中学_2年_数学_Benesse模試2回,0.7
322,2020年度数学[中2]A組,2020_中学_2年_数学_Benesse模試2回,0.7
403,2020年度数学[中2]A組,2020_中学_2年_数学_Benesse模試2回,0.71
325,2020年度数学[中2]B組,2020_中学_2年_数学_Benesse模試2回,0.59
365,2020年度数学[中2]B組,2020_中学_2年_数学_Benesse模試2回,0.6
366,2020年度数学[中2]B組,2020_中学_2年_数学_Benesse模試2回,0.17
368,2020年度数学[中2]B組,2020_中学_2年_数学_Benesse模試2回,0.56
332,2020年度数学[中2]B組,2020_中学_2年_数学_Benesse模試2回,0.86
371,2020年度数学[中2]B組,2020_中学_2年_数学_Benesse模試2回,0.6
338,2020年度数学[中2]B組,2020_中学_2年_数学_Benesse模試2回,0.67
292,2020年度数学[中2]B組,2020_中学_2年_数学_Benesse模試2回,0.67
339,2020年度数学[中2]B組,2020_中学_2年_数学_Benesse模試2回,0.64
340,2020年度数学[中2]B組,2020_中学_2年_数学_Benesse模試2回,0.65
296,2020年度数学[中2]B組,2020_中学_2年_数学_Benesse模試2回,0.76
341,2020年度数学[中2]B組,2020_中学_2年_数学_Benesse模試2回,0.51
300,2020年度数学[中2]B組,2020_中学_2年_数学_Benesse模試2回,0.63
301,2020年度数学[中2]B組,2020_中学_2年_数学_Benesse模試2回,0.62
344,2020年度数学[中2]B組,2020_中学_2年_数学_Benesse模試2回,0.69
303,2020年度数学[中2]B組,2020_中学_2年_数学_Benesse模試2回,0.63
349,2020年度数学[中2]B組,2020_中学_2年_数学_Benesse模試2回,0.32
385,2020年度数学[中2]B組,2020_中学_2年_数学_Benesse模試2回,0.67
305,2020年度数学[中2]B組,2020_中学_2年_数学_Benesse模試2回,0.56
352,2020年度数学[中2]B組,2020_中学_2年_数学_Benesse模試2回,0.58
306,2020年度数学[中2]B組,2020_中学_2年_数学_Benesse模試2回,0.66
355,2020年度数学[中2]B組,2020_中学_2年_数学_Benesse模試2回,0.86
309,2020年度数学[中2]B組,2020_中学_2年_数学_Benesse模試2回,0.83
310,2020年度数学[中2]B組,2020_中学_2年_数学_Benesse模試2回,0.61
389,2020年度数学[中2]B組,2020_中学_2年_数学_Benesse模試2回,0.6
390,2020年度数学[中2]B組,2020_中学_2年_数学_Benesse模試2回,0.62
315,2020年度数学[中2]B組,2020_中学_2年_数学_Benesse模試2回,0.56
393,2020年度数学[中2]B組,2020_中学_2年_数学_Benesse模試2回,0.67
317,2020年度数学[中2]B組,2020_中学_2年_数学_Benesse模試2回,0.72
358,2020年度数学[中2]B組,2020_中学_2年_数学_Benesse模試2回,0.65
359,2020年度数学[中2]B組,2020_中学_2年_数学_Benesse模試2回,0.54
395,2020年度数学[中2]B組,2020_中学_2年_数学_Benesse模試2回,0.78
360,2020年度数学[中2]B組,2020_中学_2年_数学_Benesse模試2回,0.81
361,2020年度数学[中2]B組,2020_中学_2年_数学_Benesse模試2回,0.87
396,2020年度数学[中2]B組,2020_中学_2年_数学_Benesse模試2回,0.59
398,2020年度数学[中2]B組,2020_中学_2年_数学_Benesse模試2回,0.47
321,2020年度数学[中2]B組,2020_中学_2年_数学_Benesse模試2回,0.76
324,2020年度数学[中2]B組,2020_中学_2年_数学_Benesse模試2回,0.44
285,2020年度数学[中2]C組,2020_中学_2年_数学_Benesse模試2回,0.67
367,2020年度数学[中2]C組,2020_中学_2年_数学_Benesse模試2回,0.69
328,2020年度数学[中2]C組,2020_中学_2年_数学_Benesse模試2回,0.73
329,2020年度数学[中2]C組,2020_中学_2年_数学_Benesse模試2回,0.56
331,2020年度数学[中2]C組,2020_中学_2年_数学_Benesse模試2回,0.49
287,2020年度数学[中2]C組,2020_中学_2年_数学_Benesse模試2回,0.54
334,2020年度数学[中2]C組,2020_中学_2年_数学_Benesse模試2回,0.64
335,2020年度数学[中2]C組,2020_中学_2年_数学_Benesse模試2回,0.58
288,2020年度数学[中2]C組,2020_中学_2年_数学_Benesse模試2回,0.71
375,2020年度数学[中2]C組,2020_中学_2年_数学_Benesse模試2回,0.65
294,2020年度数学[中2]C組,2020_中学_2年_数学_Benesse模試2回,0.41
299,2020年度数学[中2]C組,2020_中学_2年_数学_Benesse模試2回,0.67
343,2020年度数学[中2]C組,2020_中学_2年_数学_Benesse模試2回,0.47
302,2020年度数学[中2]C組,2020_中学_2年_数学_Benesse模試2回,0.57
378,2020年度数学[中2]C組,2020_中学_2年_数学_Benesse模試2回,0.77
346,2020年度数学[中2]C組,2020_中学_2年_数学_Benesse模試2回,0.61
381,2020年度数学[中2]C組,2020_中学_2年_数学_Benesse模試2回,0.9
382,2020年度数学[中2]C組,2020_中学_2年_数学_Benesse模試2回,0.8
383,2020年度数学[中2]C組,2020_中学_2年_数学_Benesse模試2回,0.74
384,2020年度数学[中2]C組,2020_中学_2年_数学_Benesse模試2回,0.48
353,2020年度数学[中2]C組,2020_中学_2年_数学_Benesse模試2回,0.67
386,2020年度数学[中2]C組,2020_中学_2年_数学_Benesse模試2回,0.52
307,2020年度数学[中2]C組,2020_中学_2年_数学_Benesse模試2回,0.77
388,2020年度数学[中2]C組,2020_中学_2年_数学_Benesse模試2回,0.57
308,2020年度数学[中2]C組,2020_中学_2年_数学_Benesse模試2回,0.65
311,2020年度数学[中2]C組,2020_中学_2年_数学_Benesse模試2回,0.74
313,2020年度数学[中2]C組,2020_中学_2年_数学_Benesse模試2回,0.74
356,2020年度数学[中2]C組,2020_中学_2年_数学_Benesse模試2回,0.61
391,2020年度数学[中2]C組,2020_中学_2年_数学_Benesse模試2回,0.64
394,2020年度数学[中2]C組,2020_中学_2年_数学_Benesse模試2回,0.5
362,2020年度数学[中2]C組,2020_中学_2年_数学_Benesse模試2回,0.67
401,2020年度数学[中2]C組,2020_中学_2年_数学_Benesse模試2回,0.81
402,2020年度数学[中2]C組,2020_中学_2年_数学_Benesse模試2回,0.63
323,2020年度数学[中2]C組,2020_中学_2年_数学_Benesse模試2回,0.54
364,2020年度数学[中2]C組,2020_中学_2年_数学_Benesse模試2回,0.37
484,2020年度数学[中3]A組,2020_中学_3年_数学_Benesse模試2回,0.71
444,2020年度数学[中3]A組,2020_中学_3年_数学_Benesse模試2回,0.75
404,2020年度数学[中3]A組,2020_中学_3年_数学_Benesse模試2回,0.6
447,2020年度数学[中3]A組,2020_中学_3年_数学_Benesse模試2回,0.81
451,2020年度数学[中3]A組,2020_中学_3年_数学_Benesse模試2回,0.74
410,2020年度数学[中3]A組,2020_中学_3年_数学_Benesse模試2回,0.73
412,2020年度数学[中3]A組,2020_中学_3年_数学_Benesse模試2回,0.69
413,2020年度数学[中3]A組,2020_中学_3年_数学_Benesse模試2回,0.51
414,2020年度数学[中3]A組,2020_中学_3年_数学_Benesse模試2回,0.84
495,2020年度数学[中3]A組,2020_中学_3年_数学_Benesse模試2回,0.51
459,2020年度数学[中3]A組,2020_中学_3年_数学_Benesse模試2回,1
461,2020年度数学[中3]A組,2020_中学_3年_数学_Benesse模試2回,0.74
499,2020年度数学[中3]A組,2020_中学_3年_数学_Benesse模試2回,0.62
420,2020年度数学[中3]A組,2020_中学_3年_数学_Benesse模試2回,0.85
462,2020年度数学[中3]A組,2020_中学_3年_数学_Benesse模試2回,0.66
500,2020年度数学[中3]A組,2020_中学_3年_数学_Benesse模試2回,0.64
463,2020年度数学[中3]A組,2020_中学_3年_数学_Benesse模試2回,0.51
501,2020年度数学[中3]A組,2020_中学_3年_数学_Benesse模試2回,0.6
506,2020年度数学[中3]A組,2020_中学_3年_数学_Benesse模試2回,0.7
469,2020年度数学[中3]A組,2020_中学_3年_数学_Benesse模試2回,0.64
425,2020年度数学[中3]A組,2020_中学_3年_数学_Benesse模試2回,0.68
427,2020年度数学[中3]A組,2020_中学_3年_数学_Benesse模試2回,0.64
508,2020年度数学[中3]A組,2020_中学_3年_数学_Benesse模試2回,0.82
470,2020年度数学[中3]A組,2020_中学_3年_数学_Benesse模試2回,0.45
510,2020年度数学[中3]A組,2020_中学_3年_数学_Benesse模試2回,0.73
472,2020年度数学[中3]A組,2020_中学_3年_数学_Benesse模試2回,0.67
428,2020年度数学[中3]A組,2020_中学_3年_数学_Benesse模試2回,0.69
512,2020年度数学[中3]A組,2020_中学_3年_数学_Benesse模試2回,0.78
432,2020年度数学[中3]A組,2020_中学_3年_数学_Benesse模試2回,0.83
479,2020年度数学[中3]A組,2020_中学_3年_数学_Benesse模試2回,0.76
516,2020年度数学[中3]A組,2020_中学_3年_数学_Benesse模試2回,0.59
438,2020年度数学[中3]A組,2020_中学_3年_数学_Benesse模試2回,0.69
439,2020年度数学[中3]A組,2020_中学_3年_数学_Benesse模試2回,0.69
483,2020年度数学[中3]A組,2020_中学_3年_数学_Benesse模試2回,0.84
521,2020年度数学[中3]A組,2020_中学_3年_数学_Benesse模試2回,0.59
442,2020年度数学[中3]A組,2020_中学_3年_数学_Benesse模試2回,0.6
443,2020年度数学[中3]A組,2020_中学_3年_数学_Benesse模試2回,0.84
446,2020年度数学[中3]B組,2020_中学_3年_数学_Benesse模試2回,0.6
405,2020年度数学[中3]B組,2020_中学_3年_数学_Benesse模試2回,0.78
449,2020年度数学[中3]B組,2020_中学_3年_数学_Benesse模試2回,0.58
450,2020年度数学[中3]B組,2020_中学_3年_数学_Benesse模試2回,0.52
488,2020年度数学[中3]B組,2020_中学_3年_数学_Benesse模試2回,0.92
409,2020年度数学[中3]B組,2020_中学_3年_数学_Benesse模試2回,0.7
411,2020年度数学[中3]B組,2020_中学_3年_数学_Benesse模試2回,0.72
452,2020年度数学[中3]B組,2020_中学_3年_数学_Benesse模試2回,0.59
453,2020年度数学[中3]B組,2020_中学_3年_数学_Benesse模試2回,0.65
490,2020年度数学[中3]B組,2020_中学_3年_数学_Benesse模試2回,0.53
492,2020年度数学[中3]B組,2020_中学_3年_数学_Benesse模試2回,0.8
416,2020年度数学[中3]B組,2020_中学_3年_数学_Benesse模試2回,0.87
417,2020年度数学[中3]B組,2020_中学_3年_数学_Benesse模試2回,0.67
458,2020年度数学[中3]B組,2020_中学_3年_数学_Benesse模試2回,0.86
496,2020年度数学[中3]B組,2020_中学_3年_数学_Benesse模試2回,0.76
497,2020年度数学[中3]B組,2020_中学_3年_数学_Benesse模試2回,0.76
418,2020年度数学[中3]B組,2020_中学_3年_数学_Benesse模試2回,0.51
419,2020年度数学[中3]B組,2020_中学_3年_数学_Benesse模試2回,0.68
464,2020年度数学[中3]B組,2020_中学_3年_数学_Benesse模試2回,0.52
502,2020年度数学[中3]B組,2020_中学_3年_数学_Benesse模試2回,0.73
421,2020年度数学[中3]B組,2020_中学_3年_数学_Benesse模試2回,0.68
503,2020年度数学[中3]B組,2020_中学_3年_数学_Benesse模試2回,0.74
504,2020年度数学[中3]B組,2020_中学_3年_数学_Benesse模試2回,0.74
467,2020年度数学[中3]B組,2020_中学_3年_数学_Benesse模試2回,0.65
468,2020年度数学[中3]B組,2020_中学_3年_数学_Benesse模試2回,0.82
423,2020年度数学[中3]B組,2020_中学_3年_数学_Benesse模試2回,0.58
507,2020年度数学[中3]B組,2020_中学_3年_数学_Benesse模試2回,0.51
471,2020年度数学[中3]B組,2020_中学_3年_数学_Benesse模試2回,0.85
473,2020年度数学[中3]B組,2020_中学_3年_数学_Benesse模試2回,0.34
429,2020年度数学[中3]B組,2020_中学_3年_数学_Benesse模試2回,0.96
476,2020年度数学[中3]B組,2020_中学_3年_数学_Benesse模試2回,0.5
478,2020年度数学[中3]B組,2020_中学_3年_数学_Benesse模試2回,0.44
480,2020年度数学[中3]B組,2020_中学_3年_数学_Benesse模試2回,0.79
433,2020年度数学[中3]B組,2020_中学_3年_数学_Benesse模試2回,0.73
517,2020年度数学[中3]B組,2020_中学_3年_数学_Benesse模試2回,0.44
435,2020年度数学[中3]B組,2020_中学_3年_数学_Benesse模試2回,0.66
437,2020年度数学[中3]B組,2020_中学_3年_数学_Benesse模試2回,0.78
482,2020年度数学[中3]B組,2020_中学_3年_数学_Benesse模試2回,0.8
440,2020年度数学[中3]B組,2020_中学_3年_数学_Benesse模試2回,0.69
485,2020年度数学[中3]C組,2020_中学_3年_数学_Benesse模試2回,0.73
445,2020年度数学[中3]C組,2020_中学_3年_数学_Benesse模試2回,0.74
486,2020年度数学[中3]C組,2020_中学_3年_数学_Benesse模試2回,0.65
448,2020年度数学[中3]C組,2020_中学_3年_数学_Benesse模試2回,0.75
406,2020年度数学[中3]C組,2020_中学_3年_数学_Benesse模試2回,0.68
487,2020年度数学[中3]C組,2020_中学_3年_数学_Benesse模試2回,0.91
407,2020年度数学[中3]C組,2020_中学_3年_数学_Benesse模試2回,0.77
408,2020年度数学[中3]C組,2020_中学_3年_数学_Benesse模試2回,0.89
454,2020年度数学[中3]C組,2020_中学_3年_数学_Benesse模試2回,0.77
455,2020年度数学[中3]C組,2020_中学_3年_数学_Benesse模試2回,0.86
489,2020年度数学[中3]C組,2020_中学_3年_数学_Benesse模試2回,0.86
491,2020年度数学[中3]C組,2020_中学_3年_数学_Benesse模試2回,0.65
493,2020年度数学[中3]C組,2020_中学_3年_数学_Benesse模試2回,0.73
415,2020年度数学[中3]C組,2020_中学_3年_数学_Benesse模試2回,0.6
494,2020年度数学[中3]C組,2020_中学_3年_数学_Benesse模試2回,0.68
457,2020年度数学[中3]C組,2020_中学_3年_数学_Benesse模試2回,0.73
460,2020年度数学[中3]C組,2020_中学_3年_数学_Benesse模試2回,0.72
498,2020年度数学[中3]C組,2020_中学_3年_数学_Benesse模試2回,0.61
465,2020年度数学[中3]C組,2020_中学_3年_数学_Benesse模試2回,0.78
466,2020年度数学[中3]C組,2020_中学_3年_数学_Benesse模試2回,0.7
422,2020年度数学[中3]C組,2020_中学_3年_数学_Benesse模試2回,0.7
426,2020年度数学[中3]C組,2020_中学_3年_数学_Benesse模試2回,0.58
509,2020年度数学[中3]C組,2020_中学_3年_数学_Benesse模試2回,0.58
511,2020年度数学[中3]C組,2020_中学_3年_数学_Benesse模試2回,0.73
474,2020年度数学[中3]C組,2020_中学_3年_数学_Benesse模試2回,0.8
513,2020年度数学[中3]C組,2020_中学_3年_数学_Benesse模試2回,0.79
475,2020年度数学[中3]C組,2020_中学_3年_数学_Benesse模試2回,0.61
477,2020年度数学[中3]C組,2020_中学_3年_数学_Benesse模試2回,0.53
514,2020年度数学[中3]C組,2020_中学_3年_数学_Benesse模試2回,0.75
431,2020年度数学[中3]C組,2020_中学_3年_数学_Benesse模試2回,0.81
515,2020年度数学[中3]C組,2020_中学_3年_数学_Benesse模試2回,0.69
481,2020年度数学[中3]C組,2020_中学_3年_数学_Benesse模試2回,0.72
434,2020年度数学[中3]C組,2020_中学_3年_数学_Benesse模試2回,0.63
436,2020年度数学[中3]C組,2020_中学_3年_数学_Benesse模試2回,0.72
520,2020年度数学[中3]C組,2020_中学_3年_数学_Benesse模試2回,0.65
441,2020年度数学[中3]C組,2020_中学_3年_数学_Benesse模試2回,0.63
2143,2022年度1年A組数学[中学],Benesse模試1回,0.68
2144,2022年度1年A組数学[中学],Benesse模試1回,0.55
2145,2022年度1年A組数学[中学],Benesse模試1回,0.83
2146,2022年度1年A組数学[中学],Benesse模試1回,0.82
2147,2022年度1年A組数学[中学],Benesse模試1回,0.87
2148,2022年度1年A組数学[中学],Benesse模試1回,0.8
2149,2022年度1年A組数学[中学],Benesse模試1回,0.78
2150,2022年度1年A組数学[中学],Benesse模試1回,0.73
2151,2022年度1年A組数学[中学],Benesse模試1回,0.75
2152,2022年度1年A組数学[中学],Benesse模試1回,0.63
2153,2022年度1年A組数学[中学],Benesse模試1回,0.77
2154,2022年度1年A組数学[中学],Benesse模試1回,0.75
2155,2022年度1年A組数学[中学],Benesse模試1回,0.69
2156,2022年度1年A組数学[中学],Benesse模試1回,0.77
2157,2022年度1年A組数学[中学],Benesse模試1回,0.7
2158,2022年度1年A組数学[中学],Benesse模試1回,0.68
2159,2022年度1年A組数学[中学],Benesse模試1回,0.68
2160,2022年度1年A組数学[中学],Benesse模試1回,0.78
2161,2022年度1年A組数学[中学],Benesse模試1回,0.65
2162,2022年度1年A組数学[中学],Benesse模試1回,0.72
2163,2022年度1年A組数学[中学],Benesse模試1回,0.76
2164,2022年度1年A組数学[中学],Benesse模試1回,0.8
2165,2022年度1年A組数学[中学],Benesse模試1回,0.81
2166,2022年度1年A組数学[中学],Benesse模試1回,0.76
2167,2022年度1年A組数学[中学],Benesse模試1回,0.92
2168,2022年度1年A組数学[中学],Benesse模試1回,0.63
2169,2022年度1年A組数学[中学],Benesse模試1回,0.79
2170,2022年度1年A組数学[中学],Benesse模試1回,0.78
2171,2022年度1年A組数学[中学],Benesse模試1回,0.76
2172,2022年度1年A組数学[中学],Benesse模試1回,0.77
2173,2022年度1年A組数学[中学],Benesse模試1回,0.77
2174,2022年度1年A組数学[中学],Benesse模試1回,0.64
2175,2022年度1年A組数学[中学],Benesse模試1回,0.72
2176,2022年度1年A組数学[中学],Benesse模試1回,0.71
2177,2022年度1年A組数学[中学],Benesse模試1回,0.86
2178,2022年度1年A組数学[中学],Benesse模試1回,0.68
2179,2022年度1年A組数学[中学],Benesse模試1回,0.9
2180,2022年度1年A組数学[中学],Benesse模試1回,0.87
2181,2022年度1年A組数学[中学],Benesse模試1回,0.87
2182,2022年度1年A組数学[中学],Benesse模試1回,0.75
2183,2022年度1年B組数学[中学],Benesse模試1回,0.84
2184,2022年度1年B組数学[中学],Benesse模試1回,0.8
2185,2022年度1年B組数学[中学],Benesse模試1回,0.92
2186,2022年度1年B組数学[中学],Benesse模試1回,0.58
2187,2022年度1年B組数学[中学],Benesse模試1回,0.77
2188,2022年度1年B組数学[中学],Benesse模試1回,0.7
2189,2022年度1年B組数学[中学],Benesse模試1回,0.92
2190,2022年度1年B組数学[中学],Benesse模試1回,0.7
2191,2022年度1年B組数学[中学],Benesse模試1回,0.64
2192,2022年度1年B組数学[中学],Benesse模試1回,0.77
2193,2022年度1年B組数学[中学],Benesse模試1回,0.66
2194,2022年度1年B組数学[中学],Benesse模試1回,0.8
2195,2022年度1年B組数学[中学],Benesse模試1回,0.64
2196,2022年度1年B組数学[中学],Benesse模試1回,0.69
2197,2022年度1年B組数学[中学],Benesse模試1回,0.91
2198,2022年度1年B組数学[中学],Benesse模試1回,0.83
2199,2022年度1年B組数学[中学],Benesse模試1回,0.77
2200,2022年度1年B組数学[中学],Benesse模試1回,0.7
2201,2022年度1年B組数学[中学],Benesse模試1回,0.81
2202,2022年度1年B組数学[中学],Benesse模試1回,0.77
2203,2022年度1年B組数学[中学],Benesse模試1回,0.86
2204,2022年度1年B組数学[中学],Benesse模試1回,0.91
2205,2022年度1年B組数学[中学],Benesse模試1回,0.76
2206,2022年度1年B組数学[中学],Benesse模試1回,0.82
2207,2022年度1年B組数学[中学],Benesse模試1回,0.77
2208,2022年度1年B組数学[中学],Benesse模試1回,0.89
2209,2022年度1年B組数学[中学],Benesse模試1回,0.7
2210,2022年度1年B組数学[中学],Benesse模試1回,0.63
2211,2022年度1年B組数学[中学],Benesse模試1回,0.68
2212,2022年度1年B組数学[中学],Benesse模試1回,0.81
2213,2022年度1年B組数学[中学],Benesse模試1回,0.7
2214,2022年度1年B組数学[中学],Benesse模試1回,0.71
2215,2022年度1年B組数学[中学],Benesse模試1回,0.86
2216,2022年度1年B組数学[中学],Benesse模試1回,0.82
2217,2022年度1年B組数学[中学],Benesse模試1回,1
2218,2022年度1年B組数学[中学],Benesse模試1回,0.87
2219,2022年度1年B組数学[中学],Benesse模試1回,0.74
2220,2022年度1年B組数学[中学],Benesse模試1回,0.71
2221,2022年度1年B組数学[中学],Benesse模試1回,0.8
2222,2022年度1年B組数学[中学],Benesse模試1回,0.74
2223,2022年度1年C組数学[中学],Benesse模試1回,0.58
2224,2022年度1年C組数学[中学],Benesse模試1回,0.78
2225,2022年度1年C組数学[中学],Benesse模試1回,0.65
2226,2022年度1年C組数学[中学],Benesse模試1回,0.77
2227,2022年度1年C組数学[中学],Benesse模試1回,0.67
2228,2022年度1年C組数学[中学],Benesse模試1回,0.78
2229,2022年度1年C組数学[中学],Benesse模試1回,0.78
2230,2022年度1年C組数学[中学],Benesse模試1回,0.83
2231,2022年度1年C組数学[中学],Benesse模試1回,0.82
2232,2022年度1年C組数学[中学],Benesse模試1回,0.76
2233,2022年度1年C組数学[中学],Benesse模試1回,0.85
2234,2022年度1年C組数学[中学],Benesse模試1回,0.79
2235,2022年度1年C組数学[中学],Benesse模試1回,0.55
2236,2022年度1年C組数学[中学],Benesse模試1回,0.62
2237,2022年度1年C組数学[中学],Benesse模試1回,0.78
2238,2022年度1年C組数学[中学],Benesse模試1回,0.81
2239,2022年度1年C組数学[中学],Benesse模試1回,0.66
2240,2022年度1年C組数学[中学],Benesse模試1回,0.71
2241,2022年度1年C組数学[中学],Benesse模試1回,0.63
2242,2022年度1年C組数学[中学],Benesse模試1回,0.71
2243,2022年度1年C組数学[中学],Benesse模試1回,0.74
2244,2022年度1年C組数学[中学],Benesse模試1回,0.86
2245,2022年度1年C組数学[中学],Benesse模試1回,0.74
2246,2022年度1年C組数学[中学],Benesse模試1回,0.72
2247,2022年度1年C組数学[中学],Benesse模試1回,0.72
2248,2022年度1年C組数学[中学],Benesse模試1回,0.77
2249,2022年度1年C組数学[中学],Benesse模試1回,0.84
2250,2022年度1年C組数学[中学],Benesse模試1回,0.84
2251,2022年度1年C組数学[中学],Benesse模試1回,0.9
2252,2022年度1年C組数学[中学],Benesse模試1回,0.79
2253,2022年度1年C組数学[中学],Benesse模試1回,0.95
2254,2022年度1年C組数学[中学],Benesse模試1回,0.86
2255,2022年度1年C組数学[中学],Benesse模試1回,0.74
2256,2022年度1年C組数学[中学],Benesse模試1回,0.66
2257,2022年度1年C組数学[中学],Benesse模試1回,0.82
2258,2022年度1年C組数学[中学],Benesse模試1回,0.75
2259,2022年度1年C組数学[中学],Benesse模試1回,0.79
2260,2022年度1年C組数学[中学],Benesse模試1回,0.9
2261,2022年度1年C組数学[中学],Benesse模試1回,0.76
2262,2022年度1年C組数学[中学],Benesse模試1回,0.82
1706,2022年度2年A組数学[中学],Benesse模試1回,0.68
1708,2022年度2年A組数学[中学],Benesse模試1回,0.87
1710,2022年度2年A組数学[中学],Benesse模試1回,0.61
1715,2022年度2年A組数学[中学],Benesse模試1回,0.77
1718,2022年度2年A組数学[中学],Benesse模試1回,0.58
1722,2022年度2年A組数学[中学],Benesse模試1回,0.63
1730,2022年度2年A組数学[中学],Benesse模試1回,0.5
1731,2022年度2年A組数学[中学],Benesse模試1回,0.65
1734,2022年度2年A組数学[中学],Benesse模試1回,0.63
1735,2022年度2年A組数学[中学],Benesse模試1回,0.82
1736,2022年度2年A組数学[中学],Benesse模試1回,0.61
1740,2022年度2年A組数学[中学],Benesse模試1回,0.69
1745,2022年度2年A組数学[中学],Benesse模試1回,0.45
1750,2022年度2年A組数学[中学],Benesse模試1回,0.7
1753,2022年度2年A組数学[中学],Benesse模試1回,0.66
1759,2022年度2年A組数学[中学],Benesse模試1回,0.73
1763,2022年度2年A組数学[中学],Benesse模試1回,0.64
1767,2022年度2年A組数学[中学],Benesse模試1回,0.64
1768,2022年度2年A組数学[中学],Benesse模試1回,0.7
1771,2022年度2年A組数学[中学],Benesse模試1回,0.81
1773,2022年度2年A組数学[中学],Benesse模試1回,0.64
1776,2022年度2年A組数学[中学],Benesse模試1回,0.28
1784,2022年度2年A組数学[中学],Benesse模試1回,0.88
1789,2022年度2年A組数学[中学],Benesse模試1回,0.64
1791,2022年度2年A組数学[中学],Benesse模試1回,0.62
1792,2022年度2年A組数学[中学],Benesse模試1回,0.45
1796,2022年度2年A組数学[中学],Benesse模試1回,0.66
1797,2022年度2年A組数学[中学],Benesse模試1回,0.75
1798,2022年度2年A組数学[中学],Benesse模試1回,0.82
1800,2022年度2年A組数学[中学],Benesse模試1回,0.77
1802,2022年度2年A組数学[中学],Benesse模試1回,0.75
1805,2022年度2年A組数学[中学],Benesse模試1回,0.81
1806,2022年度2年A組数学[中学],Benesse模試1回,0.93
1807,2022年度2年A組数学[中学],Benesse模試1回,0.71
1813,2022年度2年A組数学[中学],Benesse模試1回,0.68
1816,2022年度2年A組数学[中学],Benesse模試1回,0.71
1819,2022年度2年A組数学[中学],Benesse模試1回,0.63
1821,2022年度2年A組数学[中学],Benesse模試1回,0.64
1823,2022年度2年A組数学[中学],Benesse模試1回,0.59
1711,2022年度2年B組数学[中学],Benesse模試1回,0.8
1716,2022年度2年B組数学[中学],Benesse模試1回,0.61
1717,2022年度2年B組数学[中学],Benesse模試1回,0.78
1723,2022年度2年B組数学[中学],Benesse模試1回,0.76
1726,2022年度2年B組数学[中学],Benesse模試1回,0.12
1729,2022年度2年B組数学[中学],Benesse模試1回,0.73
1732,2022年度2年B組数学[中学],Benesse模試1回,0.63
1737,2022年度2年B組数学[中学],Benesse模試1回,0.75
1739,2022年度2年B組数学[中学],Benesse模試1回,0.81
1742,2022年度2年B組数学[中学],Benesse模試1回,0.69
1748,2022年度2年B組数学[中学],Benesse模試1回,0.87
1752,2022年度2年B組数学[中学],Benesse模試1回,0.69
1755,2022年度2年B組数学[中学],Benesse模試1回,0.91
1757,2022年度2年B組数学[中学],Benesse模試1回,0.77
1758,2022年度2年B組数学[中学],Benesse模試1回,0.68
1760,2022年度2年B組数学[中学],Benesse模試1回,0.58
1764,2022年度2年B組数学[中学],Benesse模試1回,0.63
1765,2022年度2年B組数学[中学],Benesse模試1回,0.74
1769,2022年度2年B組数学[中学],Benesse模試1回,0.81
1770,2022年度2年B組数学[中学],Benesse模試1回,0.75
1772,2022年度2年B組数学[中学],Benesse模試1回,0.76
1774,2022年度2年B組数学[中学],Benesse模試1回,0.4
1777,2022年度2年B組数学[中学],Benesse模試1回,0.28
1781,2022年度2年B組数学[中学],Benesse模試1回,0.88
1785,2022年度2年B組数学[中学],Benesse模試1回,0.4
1787,2022年度2年B組数学[中学],Benesse模試1回,0.79
1788,2022年度2年B組数学[中学],Benesse模試1回,0.65
1793,2022年度2年B組数学[中学],Benesse模試1回,0.65
1804,2022年度2年B組数学[中学],Benesse模試1回,0.73
1809,2022年度2年B組数学[中学],Benesse模試1回,0.89
1812,2022年度2年B組数学[中学],Benesse模試1回,0.72
1814,2022年度2年B組数学[中学],Benesse模試1回,0.83
1815,2022年度2年B組数学[中学],Benesse模試1回,0.55
1817,2022年度2年B組数学[中学],Benesse模試1回,0.63
1818,2022年度2年B組数学[中学],Benesse模試1回,0.59
1820,2022年度2年B組数学[中学],Benesse模試1回,0.85
1822,2022年度2年B組数学[中学],Benesse模試1回,0.61
1824,2022年度2年B組数学[中学],Benesse模試1回,0.64
1825,2022年度2年B組数学[中学],Benesse模試1回,0.71
1707,2022年度2年C組数学[中学],Benesse模試1回,0.68
1709,2022年度2年C組数学[中学],Benesse模試1回,0.71
1712,2022年度2年C組数学[中学],Benesse模試1回,0.71
1713,2022年度2年C組数学[中学],Benesse模試1回,0.76
1714,2022年度2年C組数学[中学],Benesse模試1回,0.6
1719,2022年度2年C組数学[中学],Benesse模試1回,0.81
1720,2022年度2年C組数学[中学],Benesse模試1回,0.7
1721,2022年度2年C組数学[中学],Benesse模試1回,0.79
1724,2022年度2年C組数学[中学],Benesse模試1回,0.87
1725,2022年度2年C組数学[中学],Benesse模試1回,0.86
1727,2022年度2年C組数学[中学],Benesse模試1回,0.6
1728,2022年度2年C組数学[中学],Benesse模試1回,0.66
1733,2022年度2年C組数学[中学],Benesse模試1回,0.63
1738,2022年度2年C組数学[中学],Benesse模試1回,0.8
1743,2022年度2年C組数学[中学],Benesse模試1回,0.84
1744,2022年度2年C組数学[中学],Benesse模試1回,0.67
1746,2022年度2年C組数学[中学],Benesse模試1回,0.71
1747,2022年度2年C組数学[中学],Benesse模試1回,0.71
1749,2022年度2年C組数学[中学],Benesse模試1回,0.65
1751,2022年度2年C組数学[中学],Benesse模試1回,0.64
1754,2022年度2年C組数学[中学],Benesse模試1回,0.69
1756,2022年度2年C組数学[中学],Benesse模試1回,0.6
1761,2022年度2年C組数学[中学],Benesse模試1回,0.68
1762,2022年度2年C組数学[中学],Benesse模試1回,0.62
1775,2022年度2年C組数学[中学],Benesse模試1回,0.33
1778,2022年度2年C組数学[中学],Benesse模試1回,0.65
1779,2022年度2年C組数学[中学],Benesse模試1回,0.78
1780,2022年度2年C組数学[中学],Benesse模試1回,0.28
1782,2022年度2年C組数学[中学],Benesse模試1回,0.8
1783,2022年度2年C組数学[中学],Benesse模試1回,0.71
1786,2022年度2年C組数学[中学],Benesse模試1回,0.68
1790,2022年度2年C組数学[中学],Benesse模試1回,0.75
1794,2022年度2年C組数学[中学],Benesse模試1回,0.71
1795,2022年度2年C組数学[中学],Benesse模試1回,0.73
1799,2022年度2年C組数学[中学],Benesse模試1回,0.58
1801,2022年度2年C組数学[中学],Benesse模試1回,0.61
1803,2022年度2年C組数学[中学],Benesse模試1回,0.74
1808,2022年度2年C組数学[中学],Benesse模試1回,0.71
1810,2022年度2年C組数学[中学],Benesse模試1回,0.57
1811,2022年度2年C組数学[中学],Benesse模試1回,0.68
1266,2022年度3年A組数学[中学],Benesse模試1回,0.71
1272,2022年度3年A組数学[中学],Benesse模試1回,0.71
1274,2022年度3年A組数学[中学],Benesse模試1回,0.67
1275,2022年度3年A組数学[中学],Benesse模試1回,0.47
1276,2022年度3年A組数学[中学],Benesse模試1回,0.77
1282,2022年度3年A組数学[中学],Benesse模試1回,0.78
1292,2022年度3年A組数学[中学],Benesse模試1回,0.8
1294,2022年度3年A組数学[中学],Benesse模試1回,0.82
1297,2022年度3年A組数学[中学],Benesse模試1回,0.87
1303,2022年度3年A組数学[中学],Benesse模試1回,0.64
1309,2022年度3年A組数学[中学],Benesse模試1回,0.87
1310,2022年度3年A組数学[中学],Benesse模試1回,0.82
1311,2022年度3年A組数学[中学],Benesse模試1回,0.65
1316,2022年度3年A組数学[中学],Benesse模試1回,0.87
1319,2022年度3年A組数学[中学],Benesse模試1回,0.6
1326,2022年度3年A組数学[中学],Benesse模試1回,0.76
1327,2022年度3年A組数学[中学],Benesse模試1回,0.68
1328,2022年度3年A組数学[中学],Benesse模試1回,0.85
1336,2022年度3年A組数学[中学],Benesse模試1回,0.7
1340,2022年度3年A組数学[中学],Benesse模試1回,0.69
1341,2022年度3年A組数学[中学],Benesse模試1回,0.85
1342,2022年度3年A組数学[中学],Benesse模試1回,0.56
1343,2022年度3年A組数学[中学],Benesse模試1回,0.86
1344,2022年度3年A組数学[中学],Benesse模試1回,0.79
1345,2022年度3年A組数学[中学],Benesse模試1回,0.52
1351,2022年度3年A組数学[中学],Benesse模試1回,0.82
1354,2022年度3年A組数学[中学],Benesse模試1回,0.67
1356,2022年度3年A組数学[中学],Benesse模試1回,0.37
1361,2022年度3年A組数学[中学],Benesse模試1回,0.71
1362,2022年度3年A組数学[中学],Benesse模試1回,0.89
1366,2022年度3年A組数学[中学],Benesse模試1回,0.78
1367,2022年度3年A組数学[中学],Benesse模試1回,0.76
1368,2022年度3年A組数学[中学],Benesse模試1回,0.87
1369,2022年度3年A組数学[中学],Benesse模試1回,0.64
1370,2022年度3年A組数学[中学],Benesse模試1回,0.76
1371,2022年度3年A組数学[中学],Benesse模試1回,0.74
1372,2022年度3年A組数学[中学],Benesse模試1回,0.84
1375,2022年度3年A組数学[中学],Benesse模試1回,0.74
1376,2022年度3年A組数学[中学],Benesse模試1回,0.76
1377,2022年度3年A組数学[中学],Benesse模試1回,0.83
1261,2022年度3年B組数学[中学],Benesse模試1回,0.69
1262,2022年度3年B組数学[中学],Benesse模試1回,0.85
1263,2022年度3年B組数学[中学],Benesse模試1回,0.68
1267,2022年度3年B組数学[中学],Benesse模試1回,0.95
1268,2022年度3年B組数学[中学],Benesse模試1回,0.75
1270,2022年度3年B組数学[中学],Benesse模試1回,0.61
1271,2022年度3年B組数学[中学],Benesse模試1回,0.78
1284,2022年度3年B組数学[中学],Benesse模試1回,0.76
1286,2022年度3年B組数学[中学],Benesse模試1回,0.78
1288,2022年度3年B組数学[中学],Benesse模試1回,0.73
1293,2022年度3年B組数学[中学],Benesse模試1回,0.78
1295,2022年度3年B組数学[中学],Benesse模試1回,0.7
1296,2022年度3年B組数学[中学],Benesse模試1回,0.98
1302,2022年度3年B組数学[中学],Benesse模試1回,0.61
1305,2022年度3年B組数学[中学],Benesse模試1回,0.83
1307,2022年度3年B組数学[中学],Benesse模試1回,0.77
1308,2022年度3年B組数学[中学],Benesse模試1回,0.74
1314,2022年度3年B組数学[中学],Benesse模試1回,1
1317,2022年度3年B組数学[中学],Benesse模試1回,0.55
1320,2022年度3年B組数学[中学],Benesse模試1回,0.85
1323,2022年度3年B組数学[中学],Benesse模試1回,0.68
1324,2022年度3年B組数学[中学],Benesse模試1回,0.7
1329,2022年度3年B組数学[中学],Benesse模試1回,0.77
1330,2022年度3年B組数学[中学],Benesse模試1回,0.8
1337,2022年度3年B組数学[中学],Benesse模試1回,0.68
1338,2022年度3年B組数学[中学],Benesse模試1回,0.85
1349,2022年度3年B組数学[中学],Benesse模試1回,0.79
1352,2022年度3年B組数学[中学],Benesse模試1回,0.63
1353,2022年度3年B組数学[中学],Benesse模試1回,0.83
1355,2022年度3年B組数学[中学],Benesse模試1回,0.74
1357,2022年度3年B組数学[中学],Benesse模試1回,0.67
1358,2022年度3年B組数学[中学],Benesse模試1回,0.85
1359,2022年度3年B組数学[中学],Benesse模試1回,0.6
1363,2022年度3年B組数学[中学],Benesse模試1回,0.74
1364,2022年度3年B組数学[中学],Benesse模試1回,0.84
1365,2022年度3年B組数学[中学],Benesse模試1回,0.54
1374,2022年度3年B組数学[中学],Benesse模試1回,0.77
1378,2022年度3年B組数学[中学],Benesse模試1回,0.7
1264,2022年度3年C組数学[中学],Benesse模試1回,0.51
1265,2022年度3年C組数学[中学],Benesse模試1回,0.68
1269,2022年度3年C組数学[中学],Benesse模試1回,0.7
1273,2022年度3年C組数学[中学],Benesse模試1回,0.79
1277,2022年度3年C組数学[中学],Benesse模試1回,0.75
1278,2022年度3年C組数学[中学],Benesse模試1回,0.76
1279,2022年度3年C組数学[中学],Benesse模試1回,0.65
1280,2022年度3年C組数学[中学],Benesse模試1回,0.51
1283,2022年度3年C組数学[中学],Benesse模試1回,0.75
1285,2022年度3年C組数学[中学],Benesse模試1回,0.9
1287,2022年度3年C組数学[中学],Benesse模試1回,0.58
1289,2022年度3年C組数学[中学],Benesse模試1回,0.78
1290,2022年度3年C組数学[中学],Benesse模試1回,0.7
1291,2022年度3年C組数学[中学],Benesse模試1回,0.61
1298,2022年度3年C組数学[中学],Benesse模試1回,0.73
1299,2022年度3年C組数学[中学],Benesse模試1回,0.89
1300,2022年度3年C組数学[中学],Benesse模試1回,0.73
1301,2022年度3年C組数学[中学],Benesse模試1回,0.78
1304,2022年度3年C組数学[中学],Benesse模試1回,0.81
1306,2022年度3年C組数学[中学],Benesse模試1回,0.88
1312,2022年度3年C組数学[中学],Benesse模試1回,0.64
1313,2022年度3年C組数学[中学],Benesse模試1回,0.88
1315,2022年度3年C組数学[中学],Benesse模試1回,0.62
1318,2022年度3年C組数学[中学],Benesse模試1回,0.87
1321,2022年度3年C組数学[中学],Benesse模試1回,0.65
1332,2022年度3年C組数学[中学],Benesse模試1回,0.5
1333,2022年度3年C組数学[中学],Benesse模試1回,0.58
1334,2022年度3年C組数学[中学],Benesse模試1回,0.85
1335,2022年度3年C組数学[中学],Benesse模試1回,0.56
1339,2022年度3年C組数学[中学],Benesse模試1回,0.97
1346,2022年度3年C組数学[中学],Benesse模試1回,0.77
1347,2022年度3年C組数学[中学],Benesse模試1回,0.61
1348,2022年度3年C組数学[中学],Benesse模試1回,0.83
1350,2022年度3年C組数学[中学],Benesse模試1回,0.56
1360,2022年度3年C組数学[中学],Benesse模試1回,0.62
1373,2022年度3年C組数学[中学],Benesse模試1回,0.71
1379,2022年度3年C組数学[中学],Benesse模試1回,0.7
1380,2022年度3年C組数学[中学],Benesse模試1回,0.86
2143,2022年度1年A組数学[中学],第2回Benesse模試,0.71
2144,2022年度1年A組数学[中学],第2回Benesse模試,0.49
2145,2022年度1年A組数学[中学],第2回Benesse模試,0.83
2146,2022年度1年A組数学[中学],第2回Benesse模試,0.61
2147,2022年度1年A組数学[中学],第2回Benesse模試,0.91
2148,2022年度1年A組数学[中学],第2回Benesse模試,0.8
2149,2022年度1年A組数学[中学],第2回Benesse模試,0.84
2150,2022年度1年A組数学[中学],第2回Benesse模試,0.87
2151,2022年度1年A組数学[中学],第2回Benesse模試,0.61
2152,2022年度1年A組数学[中学],第2回Benesse模試,0.53
2154,2022年度1年A組数学[中学],第2回Benesse模試,0.56
2155,2022年度1年A組数学[中学],第2回Benesse模試,0.69
2156,2022年度1年A組数学[中学],第2回Benesse模試,0.59
2157,2022年度1年A組数学[中学],第2回Benesse模試,0.64
2158,2022年度1年A組数学[中学],第2回Benesse模試,0.66
2159,2022年度1年A組数学[中学],第2回Benesse模試,0.5
2160,2022年度1年A組数学[中学],第2回Benesse模試,0.69
2161,2022年度1年A組数学[中学],第2回Benesse模試,0.81
2162,2022年度1年A組数学[中学],第2回Benesse模試,0.62
2163,2022年度1年A組数学[中学],第2回Benesse模試,0.87
2164,2022年度1年A組数学[中学],第2回Benesse模試,0.84
2165,2022年度1年A組数学[中学],第2回Benesse模試,0.86
2166,2022年度1年A組数学[中学],第2回Benesse模試,0.76
2167,2022年度1年A組数学[中学],第2回Benesse模試,0.85
2168,2022年度1年A組数学[中学],第2回Benesse模試,0.77
2169,2022年度1年A組数学[中学],第2回Benesse模試,0.74
2170,2022年度1年A組数学[中学],第2回Benesse模試,0.88
2171,2022年度1年A組数学[中学],第2回Benesse模試,0.94
2172,2022年度1年A組数学[中学],第2回Benesse模試,0.72
2173,2022年度1年A組数学[中学],第2回Benesse模試,0.97
2174,2022年度1年A組数学[中学],第2回Benesse模試,0.6
2175,2022年度1年A組数学[中学],第2回Benesse模試,0.6
2176,2022年度1年A組数学[中学],第2回Benesse模試,0.63
2177,2022年度1年A組数学[中学],第2回Benesse模試,0.68
2178,2022年度1年A組数学[中学],第2回Benesse模試,0.52
2179,2022年度1年A組数学[中学],第2回Benesse模試,0.62
2180,2022年度1年A組数学[中学],第2回Benesse模試,0.88
2181,2022年度1年A組数学[中学],第2回Benesse模試,0.9
2182,2022年度1年A組数学[中学],第2回Benesse模試,0.82
2183,2022年度1年B組数学[中学],Benesse模試2回,0.92
2184,2022年度1年B組数学[中学],Benesse模試2回,0.58
2185,2022年度1年B組数学[中学],Benesse模試2回,0.91
2186,2022年度1年B組数学[中学],Benesse模試2回,0.86
2187,2022年度1年B組数学[中学],Benesse模試2回,0.9
2188,2022年度1年B組数学[中学],Benesse模試2回,0.72
2189,2022年度1年B組数学[中学],Benesse模試2回,0.82
2190,2022年度1年B組数学[中学],Benesse模試2回,0.75
2191,2022年度1年B組数学[中学],Benesse模試2回,0.79
2192,2022年度1年B組数学[中学],Benesse模試2回,0.41
2193,2022年度1年B組数学[中学],Benesse模試2回,0.67
2194,2022年度1年B組数学[中学],Benesse模試2回,0.85
2195,2022年度1年B組数学[中学],Benesse模試2回,0.79
2196,2022年度1年B組数学[中学],Benesse模試2回,0.77
2197,2022年度1年B組数学[中学],Benesse模試2回,0.83
2198,2022年度1年B組数学[中学],Benesse模試2回,1
2199,2022年度1年B組数学[中学],Benesse模試2回,0.69
2200,2022年度1年B組数学[中学],Benesse模試2回,0.7
2201,2022年度1年B組数学[中学],Benesse模試2回,0.77
2202,2022年度1年B組数学[中学],Benesse模試2回,0.88
2203,2022年度1年B組数学[中学],Benesse模試2回,0.67
2204,2022年度1年B組数学[中学],Benesse模試2回,0.93
2205,2022年度1年B組数学[中学],Benesse模試2回,0.78
2206,2022年度1年B組数学[中学],Benesse模試2回,0.93
2207,2022年度1年B組数学[中学],Benesse模試2回,0.57
2208,2022年度1年B組数学[中学],Benesse模試2回,0.82
2209,2022年度1年B組数学[中学],Benesse模試2回,0.61
2210,2022年度1年B組数学[中学],Benesse模試2回,0.43
2211,2022年度1年B組数学[中学],Benesse模試2回,0.75
2212,2022年度1年B組数学[中学],Benesse模試2回,0.9
2213,2022年度1年B組数学[中学],Benesse模試2回,0.8
2214,2022年度1年B組数学[中学],Benesse模試2回,0.55
2215,2022年度1年B組数学[中学],Benesse模試2回,0.81
2216,2022年度1年B組数学[中学],Benesse模試2回,0.86
2217,2022年度1年B組数学[中学],Benesse模試2回,0.89
2218,2022年度1年B組数学[中学],Benesse模試2回,0.84
2219,2022年度1年B組数学[中学],Benesse模試2回,0.81
2220,2022年度1年B組数学[中学],Benesse模試2回,0.53
2221,2022年度1年B組数学[中学],Benesse模試2回,0.86
2222,2022年度1年B組数学[中学],Benesse模試2回,0.88
2223,2022年度1年C組数学[中学],Benesse模試2回,0.9
2224,2022年度1年C組数学[中学],Benesse模試2回,0.63
2225,2022年度1年C組数学[中学],Benesse模試2回,0.54
2226,2022年度1年C組数学[中学],Benesse模試2回,0.78
2227,2022年度1年C組数学[中学],Benesse模試2回,0.76
2228,2022年度1年C組数学[中学],Benesse模試2回,0.76
2229,2022年度1年C組数学[中学],Benesse模試2回,0.84
2230,2022年度1年C組数学[中学],Benesse模試2回,0.87
2231,2022年度1年C組数学[中学],Benesse模試2回,0.68
2232,2022年度1年C組数学[中学],Benesse模試2回,0.83
2233,2022年度1年C組数学[中学],Benesse模試2回,0.79
2234,2022年度1年C組数学[中学],Benesse模試2回,0.74
2235,2022年度1年C組数学[中学],Benesse模試2回,0.68
2236,2022年度1年C組数学[中学],Benesse模試2回,0.83
2237,2022年度1年C組数学[中学],Benesse模試2回,0.69
2238,2022年度1年C組数学[中学],Benesse模試2回,0.79
2239,2022年度1年C組数学[中学],Benesse模試2回,0.89
2240,2022年度1年C組数学[中学],Benesse模試2回,0.54
2241,2022年度1年C組数学[中学],Benesse模試2回,0.5
2242,2022年度1年C組数学[中学],Benesse模試2回,0.75
2243,2022年度1年C組数学[中学],Benesse模試2回,0.85
2244,2022年度1年C組数学[中学],Benesse模試2回,0.8
2245,2022年度1年C組数学[中学],Benesse模試2回,0.75
2246,2022年度1年C組数学[中学],Benesse模試2回,0.59
2247,2022年度1年C組数学[中学],Benesse模試2回,0.88
2248,2022年度1年C組数学[中学],Benesse模試2回,0.77
2249,2022年度1年C組数学[中学],Benesse模試2回,0.79
2250,2022年度1年C組数学[中学],Benesse模試2回,0.92
2251,2022年度1年C組数学[中学],Benesse模試2回,0.84
2252,2022年度1年C組数学[中学],Benesse模試2回,0.77
2253,2022年度1年C組数学[中学],Benesse模試2回,0.86
2254,2022年度1年C組数学[中学],Benesse模試2回,0.95
2255,2022年度1年C組数学[中学],Benesse模試2回,0.48
2256,2022年度1年C組数学[中学],Benesse模試2回,0.7
2257,2022年度1年C組数学[中学],Benesse模試2回,0.74
2258,2022年度1年C組数学[中学],Benesse模試2回,0.78
2259,2022年度1年C組数学[中学],Benesse模試2回,0.7
2260,2022年度1年C組数学[中学],Benesse模試2回,0.81
2261,2022年度1年C組数学[中学],Benesse模試2回,0.69
2262,2022年度1年C組数学[中学],Benesse模試2回,0.84
1706,2022年度2年A組数学[中学],Benesse模試2回,0.74
1708,2022年度2年A組数学[中学],Benesse模試2回,0.83
1710,2022年度2年A組数学[中学],Benesse模試2回,0.56
1715,2022年度2年A組数学[中学],Benesse模試2回,0.86
1718,2022年度2年A組数学[中学],Benesse模試2回,0.68
1722,2022年度2年A組数学[中学],Benesse模試2回,0.86
1730,2022年度2年A組数学[中学],Benesse模試2回,0.75
1731,2022年度2年A組数学[中学],Benesse模試2回,0.77
1734,2022年度2年A組数学[中学],Benesse模試2回,0.6
1735,2022年度2年A組数学[中学],Benesse模試2回,0.83
1736,2022年度2年A組数学[中学],Benesse模試2回,0.77
1740,2022年度2年A組数学[中学],Benesse模試2回,0.61
1745,2022年度2年A組数学[中学],Benesse模試2回,0.72
1750,2022年度2年A組数学[中学],Benesse模試2回,0.63
1753,2022年度2年A組数学[中学],Benesse模試2回,0.56
1759,2022年度2年A組数学[中学],Benesse模試2回,0.65
1763,2022年度2年A組数学[中学],Benesse模試2回,0.65
1767,2022年度2年A組数学[中学],Benesse模試2回,0.6
1768,2022年度2年A組数学[中学],Benesse模試2回,0.73
1771,2022年度2年A組数学[中学],Benesse模試2回,0.81
1773,2022年度2年A組数学[中学],Benesse模試2回,0.85
1784,2022年度2年A組数学[中学],Benesse模試2回,0.81
1789,2022年度2年A組数学[中学],Benesse模試2回,0.7
1791,2022年度2年A組数学[中学],Benesse模試2回,0.76
1792,2022年度2年A組数学[中学],Benesse模試2回,0.79
1796,2022年度2年A組数学[中学],Benesse模試2回,0.71
1797,2022年度2年A組数学[中学],Benesse模試2回,0.67
1798,2022年度2年A組数学[中学],Benesse模試2回,0.85
1800,2022年度2年A組数学[中学],Benesse模試2回,0.66
1802,2022年度2年A組数学[中学],Benesse模試2回,0.67
1805,2022年度2年A組数学[中学],Benesse模試2回,0.64
1806,2022年度2年A組数学[中学],Benesse模試2回,0.99
1807,2022年度2年A組数学[中学],Benesse模試2回,0.59
1813,2022年度2年A組数学[中学],Benesse模試2回,0.91
1816,2022年度2年A組数学[中学],Benesse模試2回,0.79
1819,2022年度2年A組数学[中学],Benesse模試2回,0.76
1821,2022年度2年A組数学[中学],Benesse模試2回,0.77
1823,2022年度2年A組数学[中学],Benesse模試2回,0.71
1711,2022年度2年B組数学[中学],Benesse模試2回,0.83
1716,2022年度2年B組数学[中学],Benesse模試2回,0.65
1717,2022年度2年B組数学[中学],Benesse模試2回,0.7
1723,2022年度2年B組数学[中学],Benesse模試2回,0.76
1729,2022年度2年B組数学[中学],Benesse模試2回,0.82
1732,2022年度2年B組数学[中学],Benesse模試2回,0.84
1737,2022年度2年B組数学[中学],Benesse模試2回,0.87
1739,2022年度2年B組数学[中学],Benesse模試2回,0.79
1742,2022年度2年B組数学[中学],Benesse模試2回,0.69
1748,2022年度2年B組数学[中学],Benesse模試2回,0.93
1752,2022年度2年B組数学[中学],Benesse模試2回,0.8
1755,2022年度2年B組数学[中学],Benesse模試2回,1
1757,2022年度2年B組数学[中学],Benesse模試2回,0.85
1758,2022年度2年B組数学[中学],Benesse模試2回,0.88
1760,2022年度2年B組数学[中学],Benesse模試2回,0.69
1764,2022年度2年B組数学[中学],Benesse模試2回,0.6
1765,2022年度2年B組数学[中学],Benesse模試2回,0.75
1769,2022年度2年B組数学[中学],Benesse模試2回,0.95
1770,2022年度2年B組数学[中学],Benesse模試2回,0.82
1772,2022年度2年B組数学[中学],Benesse模試2回,0.56
1774,2022年度2年B組数学[中学],Benesse模試2回,0.46
1777,2022年度2年B組数学[中学],Benesse模試2回,0.49
1781,2022年度2年B組数学[中学],Benesse模試2回,0.89
1785,2022年度2年B組数学[中学],Benesse模試2回,0.68
1787,2022年度2年B組数学[中学],Benesse模試2回,0.63
1788,2022年度2年B組数学[中学],Benesse模試2回,0.96
1793,2022年度2年B組数学[中学],Benesse模試2回,0.69
1804,2022年度2年B組数学[中学],Benesse模試2回,0.81
1809,2022年度2年B組数学[中学],Benesse模試2回,1
1812,2022年度2年B組数学[中学],Benesse模試2回,0.78
1814,2022年度2年B組数学[中学],Benesse模試2回,0.79
1815,2022年度2年B組数学[中学],Benesse模試2回,0.83
1817,2022年度2年B組数学[中学],Benesse模試2回,0.89
1818,2022年度2年B組数学[中学],Benesse模試2回,0.69
1820,2022年度2年B組数学[中学],Benesse模試2回,0.59
1822,2022年度2年B組数学[中学],Benesse模試2回,0.67
1824,2022年度2年B組数学[中学],Benesse模試2回,0.64
1825,2022年度2年B組数学[中学],Benesse模試2回,0.61
1707,2022年度2年C組数学[中学],Benesse模試2回,0.74
1709,2022年度2年C組数学[中学],Benesse模試2回,0.81
1712,2022年度2年C組数学[中学],Benesse模試2回,0.74
1713,2022年度2年C組数学[中学],Benesse模試2回,0.8
1714,2022年度2年C組数学[中学],Benesse模試2回,0.74
1719,2022年度2年C組数学[中学],Benesse模試2回,0.79
1720,2022年度2年C組数学[中学],Benesse模試2回,0.58
1721,2022年度2年C組数学[中学],Benesse模試2回,0.85
1724,2022年度2年C組数学[中学],Benesse模試2回,0.9
1725,2022年度2年C組数学[中学],Benesse模試2回,0.93
1727,2022年度2年C組数学[中学],Benesse模試2回,0.72
1733,2022年度2年C組数学[中学],Benesse模試2回,0.73
1738,2022年度2年C組数学[中学],Benesse模試2回,0.84
1743,2022年度2年C組数学[中学],Benesse模試2回,0.84
1744,2022年度2年C組数学[中学],Benesse模試2回,0.59
1746,2022年度2年C組数学[中学],Benesse模試2回,0.72
1747,2022年度2年C組数学[中学],Benesse模試2回,0.77
1749,2022年度2年C組数学[中学],Benesse模試2回,0.76
1751,2022年度2年C組数学[中学],Benesse模試2回,0.72
1754,2022年度2年C組数学[中学],Benesse模試2回,0.83
1756,2022年度2年C組数学[中学],Benesse模試2回,0.69
1761,2022年度2年C組数学[中学],Benesse模試2回,0.6
1762,2022年度2年C組数学[中学],Benesse模試2回,0.77
1775,2022年度2年C組数学[中学],Benesse模試2回,0.67
1778,2022年度2年C組数学[中学],Benesse模試2回,0.8
1779,2022年度2年C組数学[中学],Benesse模試2回,0.85
1782,2022年度2年C組数学[中学],Benesse模試2回,0.8
1783,2022年度2年C組数学[中学],Benesse模試2回,0.78
1786,2022年度2年C組数学[中学],Benesse模試2回,0.75
1790,2022年度2年C組数学[中学],Benesse模試2回,0.68
1794,2022年度2年C組数学[中学],Benesse模試2回,0.62
1795,2022年度2年C組数学[中学],Benesse模試2回,0.78
1799,2022年度2年C組数学[中学],Benesse模試2回,0.13
1801,2022年度2年C組数学[中学],Benesse模試2回,0.6
1803,2022年度2年C組数学[中学],Benesse模試2回,0.79
1808,2022年度2年C組数学[中学],Benesse模試2回,0.87
1810,2022年度2年C組数学[中学],Benesse模試2回,0.51
1811,2022年度2年C組数学[中学],Benesse模試2回,0.72
1266,2022年度3年A組数学[中学],Benesse模試2回,0.61
1272,2022年度3年A組数学[中学],Benesse模試2回,0.67
1274,2022年度3年A組数学[中学],Benesse模試2回,0.74
1275,2022年度3年A組数学[中学],Benesse模試2回,0.59
1276,2022年度3年A組数学[中学],Benesse模試2回,0.63
1282,2022年度3年A組数学[中学],Benesse模試2回,0.85
1292,2022年度3年A組数学[中学],Benesse模試2回,0.77
1294,2022年度3年A組数学[中学],Benesse模試2回,0.71
1297,2022年度3年A組数学[中学],Benesse模試2回,0.71
1303,2022年度3年A組数学[中学],Benesse模試2回,0.6
1309,2022年度3年A組数学[中学],Benesse模試2回,0.97
1310,2022年度3年A組数学[中学],Benesse模試2回,0.75
1311,2022年度3年A組数学[中学],Benesse模試2回,0.68
1316,2022年度3年A組数学[中学],Benesse模試2回,0.77
1319,2022年度3年A組数学[中学],Benesse模試2回,0.65
1326,2022年度3年A組数学[中学],Benesse模試2回,0.68
1327,2022年度3年A組数学[中学],Benesse模試2回,0.7
1328,2022年度3年A組数学[中学],Benesse模試2回,0.78
1336,2022年度3年A組数学[中学],Benesse模試2回,0.51
1340,2022年度3年A組数学[中学],Benesse模試2回,0.68
1341,2022年度3年A組数学[中学],Benesse模試2回,0.69
1342,2022年度3年A組数学[中学],Benesse模試2回,0.52
1343,2022年度3年A組数学[中学],Benesse模試2回,0.79
1344,2022年度3年A組数学[中学],Benesse模試2回,0.64
1345,2022年度3年A組数学[中学],Benesse模試2回,0.62
1351,2022年度3年A組数学[中学],Benesse模試2回,0.72
1354,2022年度3年A組数学[中学],Benesse模試2回,0.86
1356,2022年度3年A組数学[中学],Benesse模試2回,0.51
1361,2022年度3年A組数学[中学],Benesse模試2回,0.72
1362,2022年度3年A組数学[中学],Benesse模試2回,0.79
1366,2022年度3年A組数学[中学],Benesse模試2回,0.64
1368,2022年度3年A組数学[中学],Benesse模試2回,0.87
1369,2022年度3年A組数学[中学],Benesse模試2回,0.74
1370,2022年度3年A組数学[中学],Benesse模試2回,0.77
1371,2022年度3年A組数学[中学],Benesse模試2回,0.61
1372,2022年度3年A組数学[中学],Benesse模試2回,0.79
1375,2022年度3年A組数学[中学],Benesse模試2回,0.62
1376,2022年度3年A組数学[中学],Benesse模試2回,0.73
1377,2022年度3年A組数学[中学],Benesse模試2回,0.81
1261,2022年度3年B組数学[中学],Benesse模試2回,0.55
1262,2022年度3年B組数学[中学],Benesse模試2回,0.87
1263,2022年度3年B組数学[中学],Benesse模試2回,0.49
1267,2022年度3年B組数学[中学],Benesse模試2回,0.67
1270,2022年度3年B組数学[中学],Benesse模試2回,0.42
1271,2022年度3年B組数学[中学],Benesse模試2回,0.7
1284,2022年度3年B組数学[中学],Benesse模試2回,0.7
1286,2022年度3年B組数学[中学],Benesse模試2回,0.67
1288,2022年度3年B組数学[中学],Benesse模試2回,0.58
1293,2022年度3年B組数学[中学],Benesse模試2回,0.66
1295,2022年度3年B組数学[中学],Benesse模試2回,0.74
1296,2022年度3年B組数学[中学],Benesse模試2回,0.92
1302,2022年度3年B組数学[中学],Benesse模試2回,0.62
1305,2022年度3年B組数学[中学],Benesse模試2回,0.74
1307,2022年度3年B組数学[中学],Benesse模試2回,0.82
1308,2022年度3年B組数学[中学],Benesse模試2回,0.82
1314,2022年度3年B組数学[中学],Benesse模試2回,0.88
1317,2022年度3年B組数学[中学],Benesse模試2回,0.56
1320,2022年度3年B組数学[中学],Benesse模試2回,0.63
1322,2022年度3年B組数学[中学],Benesse模試2回,0.46
1323,2022年度3年B組数学[中学],Benesse模試2回,0.54
1324,2022年度3年B組数学[中学],Benesse模試2回,0.71
1329,2022年度3年B組数学[中学],Benesse模試2回,0.78
1330,2022年度3年B組数学[中学],Benesse模試2回,0.81
1337,2022年度3年B組数学[中学],Benesse模試2回,0.68
1338,2022年度3年B組数学[中学],Benesse模試2回,0.81
1349,2022年度3年B組数学[中学],Benesse模試2回,0.66
1352,2022年度3年B組数学[中学],Benesse模試2回,0.8
1353,2022年度3年B組数学[中学],Benesse模試2回,0.78
1355,2022年度3年B組数学[中学],Benesse模試2回,0.78
1358,2022年度3年B組数学[中学],Benesse模試2回,0.81
1359,2022年度3年B組数学[中学],Benesse模試2回,0.71
1363,2022年度3年B組数学[中学],Benesse模試2回,0.78
1364,2022年度3年B組数学[中学],Benesse模試2回,0.79
1365,2022年度3年B組数学[中学],Benesse模試2回,0.82
1374,2022年度3年B組数学[中学],Benesse模試2回,0.77
1378,2022年度3年B組数学[中学],Benesse模試2回,0.78
1265,2022年度3年C組数学[中学],Benesse模試2回,0.7
1269,2022年度3年C組数学[中学],Benesse模試2回,0.6
1273,2022年度3年C組数学[中学],Benesse模試2回,0.74
1277,2022年度3年C組数学[中学],Benesse模試2回,0.63
1278,2022年度3年C組数学[中学],Benesse模試2回,0.62
1279,2022年度3年C組数学[中学],Benesse模試2回,0.6
1283,2022年度3年C組数学[中学],Benesse模試2回,0.66
1285,2022年度3年C組数学[中学],Benesse模試2回,0.81
1287,2022年度3年C組数学[中学],Benesse模試2回,0.64
1289,2022年度3年C組数学[中学],Benesse模試2回,0.72
1290,2022年度3年C組数学[中学],Benesse模試2回,0.63
1291,2022年度3年C組数学[中学],Benesse模試2回,0.59
1298,2022年度3年C組数学[中学],Benesse模試2回,0.7
1299,2022年度3年C組数学[中学],Benesse模試2回,0.8
1300,2022年度3年C組数学[中学],Benesse模試2回,0.89
1301,2022年度3年C組数学[中学],Benesse模試2回,0.7
1304,2022年度3年C組数学[中学],Benesse模試2回,0.83
1306,2022年度3年C組数学[中学],Benesse模試2回,0.88
1312,2022年度3年C組数学[中学],Benesse模試2回,0.52
1313,2022年度3年C組数学[中学],Benesse模試2回,0.81
1315,2022年度3年C組数学[中学],Benesse模試2回,0.8
1318,2022年度3年C組数学[中学],Benesse模試2回,0.67
1321,2022年度3年C組数学[中学],Benesse模試2回,0.76
1332,2022年度3年C組数学[中学],Benesse模試2回,0.53
1333,2022年度3年C組数学[中学],Benesse模試2回,0.57
1334,2022年度3年C組数学[中学],Benesse模試2回,0.69
1339,2022年度3年C組数学[中学],Benesse模試2回,0.76
1346,2022年度3年C組数学[中学],Benesse模試2回,0.72
1347,2022年度3年C組数学[中学],Benesse模試2回,0.7
1348,2022年度3年C組数学[中学],Benesse模試2回,0.87
1350,2022年度3年C組数学[中学],Benesse模試2回,0.67
1360,2022年度3年C組数学[中学],Benesse模試2回,0.74
1373,2022年度3年C組数学[中学],Benesse模試2回,0.68
1379,2022年度3年C組数学[中学],Benesse模試2回,0.74
1380,2022年度3年C組数学[中学],Benesse模試2回,0.99